# https://github.com/mikedh/trimesh
mtllib material.mtl
usemtl BrushedStainless
v 1.68818343 1.94007111 -0.59996372
v 1.68728232 1.93838000 -0.60033000
v 1.69664502 1.93344569 -0.60048079
v 1.68818343 1.94007111 -0.59996372
v 1.69664502 1.93344569 -0.60048079
v 1.69726133 1.93525887 -0.60010844
v 1.68728232 1.93838000 -0.60033000
v 1.68650639 1.93694627 -0.60140163
v 1.69611228 1.93190861 -0.60155761
v 1.68728232 1.93838000 -0.60033000
v 1.69611228 1.93190861 -0.60155761
v 1.69664502 1.93344569 -0.60048079
v 1.68650639 1.93694627 -0.60140163
v 1.68597353 1.93598831 -0.60301548
v 1.69574428 1.93088150 -0.60317492
v 1.68650639 1.93694627 -0.60140163
v 1.69574428 1.93088150 -0.60317492
v 1.69611228 1.93190861 -0.60155761
v 1.68597353 1.93598831 -0.60301548
v 1.68576503 1.93565202 -0.60492581
v 1.69559705 1.93052089 -0.60508657
v 1.68597353 1.93598831 -0.60301548
v 1.69559705 1.93052089 -0.60508657
v 1.69574428 1.93088150 -0.60317492
v 1.68576503 1.93565202 -0.60492581
v 1.68591249 1.93598831 -0.60684180
v 1.69569290 1.93088150 -0.60700142
v 1.68576503 1.93565202 -0.60492581
v 1.69569290 1.93088150 -0.60700142
v 1.69559705 1.93052089 -0.60508657
v 1.68591249 1.93598831 -0.60684180
v 1.68639362 1.93694627 -0.60847181
v 1.69601738 1.93190861 -0.60862803
v 1.68591249 1.93598831 -0.60684180
v 1.69601738 1.93190861 -0.60862803
v 1.69569290 1.93088150 -0.60700142
v 1.68639362 1.93694627 -0.60847181
v 1.68713510 1.93838000 -0.60956764
v 1.69652092 1.93344569 -0.60971874
v 1.68639362 1.93694627 -0.60847181
v 1.69652092 1.93344569 -0.60971874
v 1.69601738 1.93190861 -0.60862803
v 1.68713510 1.93838000 -0.60956764
v 1.68802404 1.94007111 -0.60996246
v 1.69712710 1.93525887 -0.61010754
v 1.68713510 1.93838000 -0.60956764
v 1.69712710 1.93525887 -0.61010754
v 1.69652092 1.93344569 -0.60971874
v 1.68802404 1.94007111 -0.60996246
v 1.68892515 1.94176221 -0.60959613
v 1.69774342 1.93707204 -0.60973519
v 1.68802404 1.94007111 -0.60996246
v 1.69774342 1.93707204 -0.60973519
v 1.69712710 1.93525887 -0.61010754
v 1.68892515 1.94176221 -0.60959613
v 1.68970120 1.94319594 -0.60852450
v 1.69827604 1.93860912 -0.60865837
v 1.68892515 1.94176221 -0.60959613
v 1.69827604 1.93860912 -0.60865837
v 1.69774342 1.93707204 -0.60973519
v 1.68970120 1.94319594 -0.60852450
v 1.69023407 1.94415379 -0.60691071
v 1.69864404 1.93963623 -0.60704106
v 1.68970120 1.94319594 -0.60852450
v 1.69864404 1.93963623 -0.60704106
v 1.69827604 1.93860912 -0.60865837
v 1.69023407 1.94415379 -0.60691071
v 1.69044256 1.94449019 -0.60500038
v 1.69879127 1.93999684 -0.60512942
v 1.69023407 1.94415379 -0.60691071
v 1.69879127 1.93999684 -0.60512942
v 1.69864404 1.93963623 -0.60704106
v 1.69044256 1.94449019 -0.60500038
v 1.69029498 1.94415379 -0.60308433
v 1.69869542 1.93963623 -0.60321456
v 1.69044256 1.94449019 -0.60500038
v 1.69869542 1.93963623 -0.60321456
v 1.69879127 1.93999684 -0.60512942
v 1.69029498 1.94415379 -0.60308433
v 1.68981385 1.94319594 -0.60145438
v 1.69837093 1.93860912 -0.60158795
v 1.69029498 1.94415379 -0.60308433
v 1.69837093 1.93860912 -0.60158795
v 1.69869542 1.93963623 -0.60321456
v 1.68981385 1.94319594 -0.60145438
v 1.68907237 1.94176221 -0.60035855
v 1.69786739 1.93707204 -0.60049719
v 1.68981385 1.94319594 -0.60145438
v 1.69786739 1.93707204 -0.60049719
v 1.69837093 1.93860912 -0.60158795
v 1.68907237 1.94176221 -0.60035855
v 1.68818343 1.94007111 -0.59996372
v 1.69726133 1.93525887 -0.60010844
v 1.68907237 1.94176221 -0.60035855
v 1.69726133 1.93525887 -0.60010844
v 1.69786739 1.93707204 -0.60049719
v 1.69726133 1.93525887 -0.60010844
v 1.69664502 1.93344569 -0.60048079
v 1.70220971 1.93348932 -0.60053158
v 1.69726133 1.93525887 -0.60010844
v 1.70220971 1.93348932 -0.60053158
v 1.70201790 1.93539286 -0.60014951
v 1.69664502 1.93344569 -0.60048079
v 1.69611228 1.93190861 -0.60155761
v 1.70236659 1.93187571 -0.60161668
v 1.69664502 1.93344569 -0.60048079
v 1.70236659 1.93187571 -0.60161668
v 1.70220971 1.93348932 -0.60053158
v 1.69611228 1.93190861 -0.60155761
v 1.69574428 1.93088150 -0.60317492
v 1.70246446 1.93079746 -0.60323960
v 1.69611228 1.93190861 -0.60155761
v 1.70246446 1.93079746 -0.60323960
v 1.70236659 1.93187571 -0.60161668
v 1.69574428 1.93088150 -0.60317492
v 1.69559705 1.93052089 -0.60508657
v 1.70248854 1.93041885 -0.60515326
v 1.69574428 1.93088150 -0.60317492
v 1.70248854 1.93041885 -0.60515326
v 1.70246446 1.93079746 -0.60323960
v 1.69559705 1.93052089 -0.60508657
v 1.69569290 1.93088150 -0.60700142
v 1.70243514 1.93079746 -0.60706633
v 1.69559705 1.93052089 -0.60508657
v 1.70243514 1.93079746 -0.60706633
v 1.70248854 1.93041885 -0.60515326
v 1.69569290 1.93088150 -0.60700142
v 1.69601738 1.93190861 -0.60862803
v 1.70231235 1.93187571 -0.60868752
v 1.69569290 1.93088150 -0.60700142
v 1.70231235 1.93187571 -0.60868752
v 1.70243514 1.93079746 -0.60706633
v 1.69601738 1.93190861 -0.60862803
v 1.69652092 1.93344569 -0.60971874
v 1.70213890 1.93348932 -0.60977012
v 1.69601738 1.93190861 -0.60862803
v 1.70213890 1.93348932 -0.60977012
v 1.70231235 1.93187571 -0.60868752
v 1.69652092 1.93344569 -0.60971874
v 1.69712710 1.93525887 -0.61010754
v 1.70194125 1.93539286 -0.61014920
v 1.69652092 1.93344569 -0.60971874
v 1.70194125 1.93539286 -0.61014920
v 1.70213890 1.93348932 -0.60977012
v 1.69712710 1.93525887 -0.61010754
v 1.69774342 1.93707204 -0.60973519
v 1.70174932 1.93729627 -0.60976708
v 1.69712710 1.93525887 -0.61010754
v 1.70174932 1.93729627 -0.60976708
v 1.70194125 1.93539286 -0.61014920
v 1.69774342 1.93707204 -0.60973519
v 1.69827604 1.93860912 -0.60865837
v 1.70159245 1.93891001 -0.60868204
v 1.69774342 1.93707204 -0.60973519
v 1.70159245 1.93891001 -0.60868204
v 1.70174932 1.93729627 -0.60976708
v 1.69827604 1.93860912 -0.60865837
v 1.69864404 1.93963623 -0.60704106
v 1.70149457 1.93998826 -0.60705912
v 1.69827604 1.93860912 -0.60865837
v 1.70149457 1.93998826 -0.60705912
v 1.70159245 1.93891001 -0.60868204
v 1.69864404 1.93963623 -0.60704106
v 1.69879127 1.93999684 -0.60512942
v 1.70147049 1.94036686 -0.60514545
v 1.69864404 1.93963623 -0.60704106
v 1.70147049 1.94036686 -0.60514545
v 1.70149457 1.93998826 -0.60705912
v 1.69879127 1.93999684 -0.60512942
v 1.69869542 1.93963623 -0.60321456
v 1.70152390 1.93998826 -0.60323238
v 1.69879127 1.93999684 -0.60512942
v 1.70152390 1.93998826 -0.60323238
v 1.70147049 1.94036686 -0.60514545
v 1.69869542 1.93963623 -0.60321456
v 1.69837093 1.93860912 -0.60158795
v 1.70164669 1.93891001 -0.60161114
v 1.69869542 1.93963623 -0.60321456
v 1.70164669 1.93891001 -0.60161114
v 1.70152390 1.93998826 -0.60323238
v 1.69837093 1.93860912 -0.60158795
v 1.69786739 1.93707204 -0.60049719
v 1.70182014 1.93729627 -0.60052860
v 1.69837093 1.93860912 -0.60158795
v 1.70182014 1.93729627 -0.60052860
v 1.70164669 1.93891001 -0.60161114
v 1.69786739 1.93707204 -0.60049719
v 1.69726133 1.93525887 -0.60010844
v 1.70201790 1.93539286 -0.60014951
v 1.69786739 1.93707204 -0.60049719
v 1.70201790 1.93539286 -0.60014951
v 1.70182014 1.93729627 -0.60052860
v 1.70201790 1.93539286 -0.60014951
v 1.70220971 1.93348932 -0.60053158
v 1.70666134 1.93431747 -0.60056031
v 1.70201790 1.93539286 -0.60014951
v 1.70666134 1.93431747 -0.60056031
v 1.70622587 1.93618023 -0.60017711
v 1.70220971 1.93348932 -0.60053158
v 1.70236659 1.93187571 -0.60161668
v 1.70702589 1.93273842 -0.60164636
v 1.70220971 1.93348932 -0.60053158
v 1.70702589 1.93273842 -0.60164636
v 1.70666134 1.93431747 -0.60056031
v 1.70236659 1.93187571 -0.60161668
v 1.70246446 1.93079746 -0.60323960
v 1.70726430 1.93168330 -0.60326993
v 1.70236659 1.93187571 -0.60161668
v 1.70726430 1.93168330 -0.60326993
v 1.70702589 1.93273842 -0.60164636
v 1.70246446 1.93079746 -0.60323960
v 1.70248854 1.93041885 -0.60515326
v 1.70734000 1.93131280 -0.60518378
v 1.70246446 1.93079746 -0.60323960
v 1.70734000 1.93131280 -0.60518378
v 1.70726430 1.93168330 -0.60326993
v 1.70248854 1.93041885 -0.60515326
v 1.70243514 1.93079746 -0.60706633
v 1.70724154 1.93168330 -0.60709667
v 1.70248854 1.93041885 -0.60515326
v 1.70724154 1.93168330 -0.60709667
v 1.70734000 1.93131280 -0.60518378
v 1.70243514 1.93079746 -0.60706633
v 1.70231235 1.93187571 -0.60868752
v 1.70698404 1.93273842 -0.60871726
v 1.70243514 1.93079746 -0.60706633
v 1.70698404 1.93273842 -0.60871726
v 1.70724154 1.93168330 -0.60709667
v 1.70231235 1.93187571 -0.60868752
v 1.70213890 1.93348932 -0.60977012
v 1.70660651 1.93431747 -0.60979891
v 1.70231235 1.93187571 -0.60868752
v 1.70660651 1.93431747 -0.60979891
v 1.70698404 1.93273842 -0.60871726
v 1.70213890 1.93348932 -0.60977012
v 1.70194125 1.93539286 -0.61014920
v 1.70616651 1.93618023 -0.61017692
v 1.70213890 1.93348932 -0.60977012
v 1.70616651 1.93618023 -0.61017692
v 1.70660651 1.93431747 -0.60979891
v 1.70194125 1.93539286 -0.61014920
v 1.70174932 1.93729627 -0.60976708
v 1.70573115 1.93804288 -0.60979372
v 1.70194125 1.93539286 -0.61014920
v 1.70573115 1.93804288 -0.60979372
v 1.70616651 1.93618023 -0.61017692
v 1.70174932 1.93729627 -0.60976708
v 1.70159245 1.93891001 -0.60868204
v 1.70536649 1.93962193 -0.60870767
v 1.70174932 1.93729627 -0.60976708
v 1.70536649 1.93962193 -0.60870767
v 1.70573115 1.93804288 -0.60979372
v 1.70159245 1.93891001 -0.60868204
v 1.70149457 1.93998826 -0.60705912
v 1.70512819 1.94067705 -0.60708416
v 1.70159245 1.93891001 -0.60868204
v 1.70512819 1.94067705 -0.60708416
v 1.70536649 1.93962193 -0.60870767
v 1.70149457 1.93998826 -0.60705912
v 1.70147049 1.94036686 -0.60514545
v 1.70505250 1.94104767 -0.60517025
v 1.70149457 1.93998826 -0.60705912
v 1.70505250 1.94104767 -0.60517025
v 1.70512819 1.94067705 -0.60708416
v 1.70147049 1.94036686 -0.60514545
v 1.70152390 1.93998826 -0.60323238
v 1.70515084 1.94067705 -0.60325736
v 1.70147049 1.94036686 -0.60514545
v 1.70515084 1.94067705 -0.60325736
v 1.70505250 1.94104767 -0.60517025
v 1.70152390 1.93998826 -0.60323238
v 1.70164669 1.93891001 -0.60161114
v 1.70540845 1.93962193 -0.60163677
v 1.70152390 1.93998826 -0.60323238
v 1.70540845 1.93962193 -0.60163677
v 1.70515084 1.94067705 -0.60325736
v 1.70164669 1.93891001 -0.60161114
v 1.70182014 1.93729627 -0.60052860
v 1.70578587 1.93804288 -0.60055512
v 1.70164669 1.93891001 -0.60161114
v 1.70578587 1.93804288 -0.60055512
v 1.70540845 1.93962193 -0.60163677
v 1.70182014 1.93729627 -0.60052860
v 1.70201790 1.93539286 -0.60014951
v 1.70622587 1.93618023 -0.60017711
v 1.70182014 1.93729627 -0.60052860
v 1.70622587 1.93618023 -0.60017711
v 1.70578587 1.93804288 -0.60055512
v 1.70622587 1.93618023 -0.60017711
v 1.70666134 1.93431747 -0.60056031
v 1.71072924 1.93548477 -0.60058111
v 1.70622587 1.93618023 -0.60017711
v 1.71072924 1.93548477 -0.60058111
v 1.71014261 1.93730545 -0.60019767
v 1.70666134 1.93431747 -0.60056031
v 1.70702589 1.93273842 -0.60164636
v 1.71122301 1.93394125 -0.60166734
v 1.70666134 1.93431747 -0.60056031
v 1.71122301 1.93394125 -0.60166734
v 1.71072924 1.93548477 -0.60058111
v 1.70702589 1.93273842 -0.60164636
v 1.70726430 1.93168330 -0.60326993
v 1.71154857 1.93290997 -0.60329103
v 1.70702589 1.93273842 -0.60164636
v 1.71154857 1.93290997 -0.60329103
v 1.71122301 1.93394125 -0.60166734
v 1.70726430 1.93168330 -0.60326993
v 1.70734000 1.93131280 -0.60518378
v 1.71165645 1.93254781 -0.60520500
v 1.70726430 1.93168330 -0.60326993
v 1.71165645 1.93254781 -0.60520500
v 1.71154857 1.93290997 -0.60329103
v 1.70734000 1.93131280 -0.60518378
v 1.70724154 1.93168330 -0.60709667
v 1.71153021 1.93290997 -0.60711783
v 1.70734000 1.93131280 -0.60518378
v 1.71153021 1.93290997 -0.60711783
v 1.71165645 1.93254781 -0.60520500
v 1.70724154 1.93168330 -0.60709667
v 1.70698404 1.93273842 -0.60871726
v 1.71118915 1.93394125 -0.60873830
v 1.70724154 1.93168330 -0.60709667
v 1.71118915 1.93394125 -0.60873830
v 1.71153021 1.93290997 -0.60711783
v 1.70698404 1.93273842 -0.60871726
v 1.70660651 1.93431747 -0.60979891
v 1.71068513 1.93548477 -0.60981977
v 1.70698404 1.93273842 -0.60871726
v 1.71068513 1.93548477 -0.60981977
v 1.71118915 1.93394125 -0.60873830
v 1.70660651 1.93431747 -0.60979891
v 1.70616651 1.93618023 -0.61017692
v 1.71009493 1.93730545 -0.61019754
v 1.70660651 1.93431747 -0.60979891
v 1.71009493 1.93730545 -0.61019754
v 1.71068513 1.93548477 -0.60981977
v 1.70616651 1.93618023 -0.61017692
v 1.70573115 1.93804288 -0.60979372
v 1.70950830 1.93912613 -0.60981417
v 1.70616651 1.93618023 -0.61017692
v 1.70950830 1.93912613 -0.60981417
v 1.71009493 1.93730545 -0.61019754
v 1.70573115 1.93804288 -0.60979372
v 1.70536649 1.93962193 -0.60870767
v 1.70901453 1.94066966 -0.60872793
v 1.70573115 1.93804288 -0.60979372
v 1.70901453 1.94066966 -0.60872793
v 1.70950830 1.93912613 -0.60981417
v 1.70536649 1.93962193 -0.60870767
v 1.70512819 1.94067705 -0.60708416
v 1.70868897 1.94170105 -0.60710424
v 1.70536649 1.93962193 -0.60870767
v 1.70868897 1.94170105 -0.60710424
v 1.70901453 1.94066966 -0.60872793
v 1.70512819 1.94067705 -0.60708416
v 1.70505250 1.94104767 -0.60517025
v 1.70858109 1.94206321 -0.60519028
v 1.70512819 1.94067705 -0.60708416
v 1.70858109 1.94206321 -0.60519028
v 1.70868897 1.94170105 -0.60710424
v 1.70505250 1.94104767 -0.60517025
v 1.70515084 1.94067705 -0.60325736
v 1.70870733 1.94170105 -0.60327744
v 1.70505250 1.94104767 -0.60517025
v 1.70870733 1.94170105 -0.60327744
v 1.70858109 1.94206321 -0.60519028
v 1.70515084 1.94067705 -0.60325736
v 1.70540845 1.93962193 -0.60163677
v 1.70904839 1.94066966 -0.60165691
v 1.70515084 1.94067705 -0.60325736
v 1.70904839 1.94066966 -0.60165691
v 1.70870733 1.94170105 -0.60327744
v 1.70540845 1.93962193 -0.60163677
v 1.70578587 1.93804288 -0.60055512
v 1.70955241 1.93912613 -0.60057545
v 1.70540845 1.93962193 -0.60163677
v 1.70955241 1.93912613 -0.60057545
v 1.70904839 1.94066966 -0.60165691
v 1.70578587 1.93804288 -0.60055512
v 1.70622587 1.93618023 -0.60017711
v 1.71014261 1.93730545 -0.60019767
v 1.70578587 1.93804288 -0.60055512
v 1.71014261 1.93730545 -0.60019767
v 1.70955241 1.93912613 -0.60057545
v 1.71014261 1.93730545 -0.60019767
v 1.71072924 1.93548477 -0.60058111
v 1.71456289 1.93687129 -0.60059690
v 1.71014261 1.93730545 -0.60019767
v 1.71456289 1.93687129 -0.60059690
v 1.71386719 1.93865323 -0.60021359
v 1.71072924 1.93548477 -0.60058111
v 1.71122301 1.93394125 -0.60166734
v 1.71514964 1.93536067 -0.60168308
v 1.71072924 1.93548477 -0.60058111
v 1.71514964 1.93536067 -0.60168308
v 1.71456289 1.93687129 -0.60059690
v 1.71122301 1.93394125 -0.60166734
v 1.71154857 1.93290997 -0.60329103
v 1.71553826 1.93435133 -0.60330671
v 1.71122301 1.93394125 -0.60166734
v 1.71553826 1.93435133 -0.60330671
v 1.71514964 1.93536067 -0.60168308
v 1.71154857 1.93290997 -0.60329103
v 1.71165645 1.93254781 -0.60520500
v 1.71566951 1.93399692 -0.60522068
v 1.71154857 1.93290997 -0.60329103
v 1.71566951 1.93399692 -0.60522068
v 1.71553826 1.93435133 -0.60330671
v 1.71165645 1.93254781 -0.60520500
v 1.71153021 1.93290997 -0.60711783
v 1.71552336 1.93435133 -0.60713351
v 1.71165645 1.93254781 -0.60520500
v 1.71552336 1.93435133 -0.60713351
v 1.71566951 1.93399692 -0.60522068
v 1.71153021 1.93290997 -0.60711783
v 1.71118915 1.93394125 -0.60873830
v 1.71512222 1.93536067 -0.60875410
v 1.71153021 1.93290997 -0.60711783
v 1.71512222 1.93536067 -0.60875410
v 1.71552336 1.93435133 -0.60713351
v 1.71118915 1.93394125 -0.60873830
v 1.71068513 1.93548477 -0.60981977
v 1.71452689 1.93687129 -0.60983562
v 1.71118915 1.93394125 -0.60873830
v 1.71452689 1.93687129 -0.60983562
v 1.71512222 1.93536067 -0.60875410
v 1.71068513 1.93548477 -0.60981977
v 1.71009493 1.93730545 -0.61019754
v 1.71382833 1.93865323 -0.61021352
v 1.71068513 1.93548477 -0.60981977
v 1.71382833 1.93865323 -0.61021352
v 1.71452689 1.93687129 -0.60983562
v 1.71009493 1.93730545 -0.61019754
v 1.70950830 1.93912613 -0.60981417
v 1.71313262 1.94043505 -0.60983020
v 1.71009493 1.93730545 -0.61019754
v 1.71313262 1.94043505 -0.60983020
v 1.71382833 1.93865323 -0.61021352
v 1.70950830 1.93912613 -0.60981417
v 1.70901453 1.94066966 -0.60872793
v 1.71254575 1.94194567 -0.60874408
v 1.70950830 1.93912613 -0.60981417
v 1.71254575 1.94194567 -0.60874408
v 1.71313262 1.94043505 -0.60983020
v 1.70901453 1.94066966 -0.60872793
v 1.70868897 1.94170105 -0.60710424
v 1.71215713 1.94295502 -0.60712045
v 1.70901453 1.94066966 -0.60872793
v 1.71215713 1.94295502 -0.60712045
v 1.71254575 1.94194567 -0.60874408
v 1.70868897 1.94170105 -0.60710424
v 1.70858109 1.94206321 -0.60519028
v 1.71202588 1.94330955 -0.60520649
v 1.70868897 1.94170105 -0.60710424
v 1.71202588 1.94330955 -0.60520649
v 1.71215713 1.94295502 -0.60712045
v 1.70858109 1.94206321 -0.60519028
v 1.70870733 1.94170105 -0.60327744
v 1.71217203 1.94295502 -0.60329366
v 1.70858109 1.94206321 -0.60519028
v 1.71217203 1.94295502 -0.60329366
v 1.71202588 1.94330955 -0.60520649
v 1.70870733 1.94170105 -0.60327744
v 1.70904839 1.94066966 -0.60165691
v 1.71257329 1.94194567 -0.60167307
v 1.70870733 1.94170105 -0.60327744
v 1.71257329 1.94194567 -0.60167307
v 1.71217203 1.94295502 -0.60329366
v 1.70904839 1.94066966 -0.60165691
v 1.70955241 1.93912613 -0.60057545
v 1.71316850 1.94043505 -0.60059148
v 1.70904839 1.94066966 -0.60165691
v 1.71316850 1.94043505 -0.60059148
v 1.71257329 1.94194567 -0.60167307
v 1.70955241 1.93912613 -0.60057545
v 1.71014261 1.93730545 -0.60019767
v 1.71386719 1.93865323 -0.60021359
v 1.70955241 1.93912613 -0.60057545
v 1.71386719 1.93865323 -0.60021359
v 1.71316850 1.94043505 -0.60059148
v 1.71386719 1.93865323 -0.60021359
v 1.71456289 1.93687129 -0.60059690
v 1.71822941 1.93842089 -0.60060912
v 1.71386719 1.93865323 -0.60021359
v 1.71822941 1.93842089 -0.60060912
v 1.71744788 1.94016695 -0.60022604
v 1.71456289 1.93687129 -0.60059690
v 1.71514964 1.93536067 -0.60168308
v 1.71888947 1.93694067 -0.60169506
v 1.71456289 1.93687129 -0.60059690
v 1.71888947 1.93694067 -0.60169506
v 1.71822941 1.93842089 -0.60060912
v 1.71514964 1.93536067 -0.60168308
v 1.71553826 1.93435133 -0.60330671
v 1.71932781 1.93595171 -0.60331857
v 1.71514964 1.93536067 -0.60168308
v 1.71932781 1.93595171 -0.60331857
v 1.71888947 1.93694067 -0.60169506
v 1.71553826 1.93435133 -0.60330671
v 1.71566951 1.93399692 -0.60522068
v 1.71947753 1.93560433 -0.60523248
v 1.71553826 1.93435133 -0.60330671
v 1.71947753 1.93560433 -0.60523248
v 1.71932781 1.93595171 -0.60331857
v 1.71566951 1.93399692 -0.60522068
v 1.71552336 1.93435133 -0.60713351
v 1.71931577 1.93595171 -0.60714537
v 1.71566951 1.93399692 -0.60522068
v 1.71931577 1.93595171 -0.60714537
v 1.71947753 1.93560433 -0.60523248
v 1.71552336 1.93435133 -0.60713351
v 1.71512222 1.93536067 -0.60875410
v 1.71886730 1.93694067 -0.60876608
v 1.71552336 1.93435133 -0.60713351
v 1.71886730 1.93694067 -0.60876608
v 1.71931577 1.93595171 -0.60714537
v 1.71512222 1.93536067 -0.60875410
v 1.71452689 1.93687129 -0.60983562
v 1.71820033 1.93842089 -0.60984790
v 1.71512222 1.93536067 -0.60875410
v 1.71820033 1.93842089 -0.60984790
v 1.71886730 1.93694067 -0.60876608
v 1.71452689 1.93687129 -0.60983562
v 1.71382833 1.93865323 -0.61021352
v 1.71741652 1.94016695 -0.61022604
v 1.71452689 1.93687129 -0.60983562
v 1.71741652 1.94016695 -0.61022604
v 1.71820033 1.93842089 -0.60984790
v 1.71382833 1.93865323 -0.61021352
v 1.71313262 1.94043505 -0.60983020
v 1.71663499 1.94191289 -0.60984296
v 1.71382833 1.93865323 -0.61021352
v 1.71663499 1.94191289 -0.60984296
v 1.71741652 1.94016695 -0.61022604
v 1.71313262 1.94043505 -0.60983020
v 1.71254575 1.94194567 -0.60874408
v 1.71597481 1.94339311 -0.60875702
v 1.71313262 1.94043505 -0.60983020
v 1.71597481 1.94339311 -0.60875702
v 1.71663499 1.94191289 -0.60984296
v 1.71254575 1.94194567 -0.60874408
v 1.71215713 1.94295502 -0.60712045
v 1.71553659 1.94438219 -0.60713351
v 1.71254575 1.94194567 -0.60874408
v 1.71553659 1.94438219 -0.60713351
v 1.71597481 1.94339311 -0.60875702
v 1.71215713 1.94295502 -0.60712045
v 1.71202588 1.94330955 -0.60520649
v 1.71538687 1.94472945 -0.60521960
v 1.71215713 1.94295502 -0.60712045
v 1.71538687 1.94472945 -0.60521960
v 1.71553659 1.94438219 -0.60713351
v 1.71202588 1.94330955 -0.60520649
v 1.71217203 1.94295502 -0.60329366
v 1.71554863 1.94438219 -0.60330671
v 1.71202588 1.94330955 -0.60520649
v 1.71554863 1.94438219 -0.60330671
v 1.71538687 1.94472945 -0.60521960
v 1.71217203 1.94295502 -0.60329366
v 1.71257329 1.94194567 -0.60167307
v 1.71599710 1.94339311 -0.60168600
v 1.71217203 1.94295502 -0.60329366
v 1.71599710 1.94339311 -0.60168600
v 1.71554863 1.94438219 -0.60330671
v 1.71257329 1.94194567 -0.60167307
v 1.71316850 1.94043505 -0.60059148
v 1.71666396 1.94191289 -0.60060424
v 1.71257329 1.94194567 -0.60167307
v 1.71666396 1.94191289 -0.60060424
v 1.71599710 1.94339311 -0.60168600
v 1.71316850 1.94043505 -0.60059148
v 1.71386719 1.93865323 -0.60021359
v 1.71744788 1.94016695 -0.60022604
v 1.71316850 1.94043505 -0.60059148
v 1.71744788 1.94016695 -0.60022604
v 1.71666396 1.94191289 -0.60060424
v 1.71744788 1.94016695 -0.60022604
v 1.71822941 1.93842089 -0.60060912
v 1.72176552 1.94010234 -0.60061842
v 1.71744788 1.94016695 -0.60022604
v 1.72176552 1.94010234 -0.60061842
v 1.72091246 1.94181466 -0.60023576
v 1.71822941 1.93842089 -0.60060912
v 1.71888947 1.93694067 -0.60169506
v 1.72248673 1.93865073 -0.60170412
v 1.71822941 1.93842089 -0.60060912
v 1.72248673 1.93865073 -0.60170412
v 1.72176552 1.94010234 -0.60061842
v 1.71888947 1.93694067 -0.60169506
v 1.71932781 1.93595171 -0.60331857
v 1.72296655 1.93768084 -0.60332739
v 1.71888947 1.93694067 -0.60169506
v 1.72296655 1.93768084 -0.60332739
v 1.72248673 1.93865073 -0.60170412
v 1.71932781 1.93595171 -0.60331857
v 1.71947753 1.93560433 -0.60523248
v 1.72313166 1.93734026 -0.60524124
v 1.71932781 1.93595171 -0.60331857
v 1.72313166 1.93734026 -0.60524124
v 1.72296655 1.93768084 -0.60332739
v 1.71947753 1.93560433 -0.60523248
v 1.71931577 1.93595171 -0.60714537
v 1.72295702 1.93768084 -0.60715425
v 1.71947753 1.93560433 -0.60523248
v 1.72295702 1.93768084 -0.60715425
v 1.72313166 1.93734026 -0.60524124
v 1.71931577 1.93595171 -0.60714537
v 1.71886730 1.93694067 -0.60876608
v 1.72246921 1.93865073 -0.60877514
v 1.71931577 1.93595171 -0.60714537
v 1.72246921 1.93865073 -0.60877514
v 1.72295702 1.93768084 -0.60715425
v 1.71886730 1.93694067 -0.60876608
v 1.71820033 1.93842089 -0.60984790
v 1.72174251 1.94010234 -0.60985720
v 1.71886730 1.93694067 -0.60876608
v 1.72174251 1.94010234 -0.60985720
v 1.72246921 1.93865073 -0.60877514
v 1.71820033 1.93842089 -0.60984790
v 1.71741652 1.94016695 -0.61022604
v 1.72088766 1.94181466 -0.61023569
v 1.71820033 1.93842089 -0.60984790
v 1.72088766 1.94181466 -0.61023569
v 1.72174251 1.94010234 -0.60985720
v 1.71741652 1.94016695 -0.61022604
v 1.71663499 1.94191289 -0.60984296
v 1.72003460 1.94352686 -0.60985297
v 1.71741652 1.94016695 -0.61022604
v 1.72003460 1.94352686 -0.60985297
v 1.72088766 1.94181466 -0.61023569
v 1.71663499 1.94191289 -0.60984296
v 1.71597481 1.94339311 -0.60875702
v 1.71931326 1.94497848 -0.60876733
v 1.71663499 1.94191289 -0.60984296
v 1.71931326 1.94497848 -0.60876733
v 1.72003460 1.94352686 -0.60985297
v 1.71597481 1.94339311 -0.60875702
v 1.71553659 1.94438219 -0.60713351
v 1.71883357 1.94594836 -0.60714400
v 1.71597481 1.94339311 -0.60875702
v 1.71883357 1.94594836 -0.60714400
v 1.71931326 1.94497848 -0.60876733
v 1.71553659 1.94438219 -0.60713351
v 1.71538687 1.94472945 -0.60521960
v 1.71866846 1.94628906 -0.60523021
v 1.71553659 1.94438219 -0.60713351
v 1.71866846 1.94628906 -0.60523021
v 1.71883357 1.94594836 -0.60714400
v 1.71538687 1.94472945 -0.60521960
v 1.71554863 1.94438219 -0.60330671
v 1.71884310 1.94594836 -0.60331720
v 1.71538687 1.94472945 -0.60521960
v 1.71884310 1.94594836 -0.60331720
v 1.71866846 1.94628906 -0.60523021
v 1.71554863 1.94438219 -0.60330671
v 1.71599710 1.94339311 -0.60168600
v 1.71933079 1.94497848 -0.60169631
v 1.71554863 1.94438219 -0.60330671
v 1.71933079 1.94497848 -0.60169631
v 1.71884310 1.94594836 -0.60331720
v 1.71599710 1.94339311 -0.60168600
v 1.71666396 1.94191289 -0.60060424
v 1.72005749 1.94352686 -0.60061419
v 1.71599710 1.94339311 -0.60168600
v 1.72005749 1.94352686 -0.60061419
v 1.71933079 1.94497848 -0.60169631
v 1.71666396 1.94191289 -0.60060424
v 1.71744788 1.94016695 -0.60022604
v 1.72091246 1.94181466 -0.60023576
v 1.71666396 1.94191289 -0.60060424
v 1.72091246 1.94181466 -0.60023576
v 1.72005749 1.94352686 -0.60061419
v 1.72091246 1.94181466 -0.60023576
v 1.72176552 1.94010234 -0.60061842
v 1.72519302 1.94189656 -0.60062534
v 1.72091246 1.94181466 -0.60023576
v 1.72519302 1.94189656 -0.60062534
v 1.72427785 1.94357657 -0.60024303
v 1.72176552 1.94010234 -0.60061842
v 1.72248673 1.93865073 -0.60170412
v 1.72596753 1.94047236 -0.60171062
v 1.72176552 1.94010234 -0.60061842
v 1.72596753 1.94047236 -0.60171062
v 1.72519302 1.94189656 -0.60062534
v 1.72248673 1.93865073 -0.60170412
v 1.72296655 1.93768084 -0.60332739
v 1.72648323 1.93952072 -0.60333371
v 1.72248673 1.93865073 -0.60170412
v 1.72648323 1.93952072 -0.60333371
v 1.72596753 1.94047236 -0.60171062
v 1.72296655 1.93768084 -0.60332739
v 1.72313166 1.93734026 -0.60524124
v 1.72666192 1.93918657 -0.60524750
v 1.72296655 1.93768084 -0.60332739
v 1.72666192 1.93918657 -0.60524750
v 1.72648323 1.93952072 -0.60333371
v 1.72313166 1.93734026 -0.60524124
v 1.72295702 1.93768084 -0.60715425
v 1.72647607 1.93952072 -0.60716057
v 1.72313166 1.93734026 -0.60524124
v 1.72647607 1.93952072 -0.60716057
v 1.72666192 1.93918657 -0.60524750
v 1.72295702 1.93768084 -0.60715425
v 1.72246921 1.93865073 -0.60877514
v 1.72595429 1.94047236 -0.60878170
v 1.72295702 1.93768084 -0.60715425
v 1.72595429 1.94047236 -0.60878170
v 1.72647607 1.93952072 -0.60716057
v 1.72246921 1.93865073 -0.60877514
v 1.72174251 1.94010234 -0.60985720
v 1.72517574 1.94189656 -0.60986412
v 1.72246921 1.93865073 -0.60877514
v 1.72517574 1.94189656 -0.60986412
v 1.72595429 1.94047236 -0.60878170
v 1.72174251 1.94010234 -0.60985720
v 1.72088766 1.94181466 -0.61023569
v 1.72425914 1.94357657 -0.61024296
v 1.72174251 1.94010234 -0.60985720
v 1.72425914 1.94357657 -0.61024296
v 1.72517574 1.94189656 -0.60986412
v 1.72088766 1.94181466 -0.61023569
v 1.72003460 1.94352686 -0.60985297
v 1.72334397 1.94525647 -0.60986066
v 1.72088766 1.94181466 -0.61023569
v 1.72334397 1.94525647 -0.60986066
v 1.72425914 1.94357657 -0.61024296
v 1.72003460 1.94352686 -0.60985297
v 1.71931326 1.94497848 -0.60876733
v 1.72256947 1.94668067 -0.60877538
v 1.72003460 1.94352686 -0.60985297
v 1.72256947 1.94668067 -0.60877538
v 1.72334397 1.94525647 -0.60986066
v 1.71931326 1.94497848 -0.60876733
v 1.71883357 1.94594836 -0.60714400
v 1.72205365 1.94763231 -0.60715228
v 1.71931326 1.94497848 -0.60876733
v 1.72205365 1.94763231 -0.60715228
v 1.72256947 1.94668067 -0.60877538
v 1.71883357 1.94594836 -0.60714400
v 1.71866846 1.94628906 -0.60523021
v 1.72187507 1.94796646 -0.60523850
v 1.71883357 1.94594836 -0.60714400
v 1.72187507 1.94796646 -0.60523850
v 1.72205365 1.94763231 -0.60715228
v 1.71866846 1.94628906 -0.60523021
v 1.71884310 1.94594836 -0.60331720
v 1.72206092 1.94763231 -0.60332543
v 1.71866846 1.94628906 -0.60523021
v 1.72206092 1.94763231 -0.60332543
v 1.72187507 1.94796646 -0.60523850
v 1.71884310 1.94594836 -0.60331720
v 1.71933079 1.94497848 -0.60169631
v 1.72258270 1.94668067 -0.60170430
v 1.71884310 1.94594836 -0.60331720
v 1.72258270 1.94668067 -0.60170430
v 1.72206092 1.94763231 -0.60332543
v 1.71933079 1.94497848 -0.60169631
v 1.72005749 1.94352686 -0.60061419
v 1.72336125 1.94525647 -0.60062188
v 1.71933079 1.94497848 -0.60169631
v 1.72336125 1.94525647 -0.60062188
v 1.72258270 1.94668067 -0.60170430
v 1.72005749 1.94352686 -0.60061419
v 1.72091246 1.94181466 -0.60023576
v 1.72427785 1.94357657 -0.60024303
v 1.72005749 1.94352686 -0.60061419
v 1.72427785 1.94357657 -0.60024303
v 1.72336125 1.94525647 -0.60062188
v 1.72427785 1.94357657 -0.60024303
v 1.72519302 1.94189656 -0.60062534
v 1.72852623 1.94379103 -0.60063004
v 1.72427785 1.94357657 -0.60024303
v 1.72852623 1.94379103 -0.60063004
v 1.72755539 1.94543958 -0.60024816
v 1.72519302 1.94189656 -0.60062534
v 1.72596753 1.94047236 -0.60171062
v 1.72934830 1.94239354 -0.60171497
v 1.72519302 1.94189656 -0.60062534
v 1.72934830 1.94239354 -0.60171497
v 1.72852623 1.94379103 -0.60063004
v 1.72596753 1.94047236 -0.60171062
v 1.72648323 1.93952072 -0.60333371
v 1.72989643 1.94145966 -0.60333776
v 1.72596753 1.94047236 -0.60171062
v 1.72989643 1.94145966 -0.60333776
v 1.72934830 1.94239354 -0.60171497
v 1.72648323 1.93952072 -0.60333371
v 1.72666192 1.93918657 -0.60524750
v 1.73008704 1.94113171 -0.60525143
v 1.72648323 1.93952072 -0.60333371
v 1.73008704 1.94113171 -0.60525143
v 1.72989643 1.94145966 -0.60333776
v 1.72666192 1.93918657 -0.60524750
v 1.72647607 1.93952072 -0.60716057
v 1.72989142 1.94145966 -0.60716462
v 1.72666192 1.93918657 -0.60524750
v 1.72989142 1.94145966 -0.60716462
v 1.73008704 1.94113171 -0.60525143
v 1.72647607 1.93952072 -0.60716057
v 1.72595429 1.94047236 -0.60878170
v 1.72933912 1.94239354 -0.60878599
v 1.72647607 1.93952072 -0.60716057
v 1.72933912 1.94239354 -0.60878599
v 1.72989142 1.94145966 -0.60716462
v 1.72595429 1.94047236 -0.60878170
v 1.72517574 1.94189656 -0.60986412
v 1.72851419 1.94379103 -0.60986882
v 1.72595429 1.94047236 -0.60878170
v 1.72851419 1.94379103 -0.60986882
v 1.72933912 1.94239354 -0.60878599
v 1.72517574 1.94189656 -0.60986412
v 1.72425914 1.94357657 -0.61024296
v 1.72754240 1.94543958 -0.61024815
v 1.72517574 1.94189656 -0.60986412
v 1.72754240 1.94543958 -0.61024815
v 1.72851419 1.94379103 -0.60986882
v 1.72425914 1.94357657 -0.61024296
v 1.72334397 1.94525647 -0.60986066
v 1.72657156 1.94708812 -0.60986632
v 1.72425914 1.94357657 -0.61024296
v 1.72657156 1.94708812 -0.60986632
v 1.72754240 1.94543958 -0.61024815
v 1.72334397 1.94525647 -0.60986066
v 1.72256947 1.94668067 -0.60877538
v 1.72574949 1.94848573 -0.60878134
v 1.72334397 1.94525647 -0.60986066
v 1.72574949 1.94848573 -0.60878134
v 1.72657156 1.94708812 -0.60986632
v 1.72256947 1.94668067 -0.60877538
v 1.72205365 1.94763231 -0.60715228
v 1.72520149 1.94941950 -0.60715854
v 1.72256947 1.94668067 -0.60877538
v 1.72520149 1.94941950 -0.60715854
v 1.72574949 1.94848573 -0.60878134
v 1.72205365 1.94763231 -0.60715228
v 1.72187507 1.94796646 -0.60523850
v 1.72501075 1.94974744 -0.60524487
v 1.72205365 1.94763231 -0.60715228
v 1.72501075 1.94974744 -0.60524487
v 1.72520149 1.94941950 -0.60715854
v 1.72187507 1.94796646 -0.60523850
v 1.72206092 1.94763231 -0.60332543
v 1.72520638 1.94941950 -0.60333169
v 1.72187507 1.94796646 -0.60523850
v 1.72520638 1.94941950 -0.60333169
v 1.72501075 1.94974744 -0.60524487
v 1.72206092 1.94763231 -0.60332543
v 1.72258270 1.94668067 -0.60170430
v 1.72575867 1.94848573 -0.60171032
v 1.72206092 1.94763231 -0.60332543
v 1.72575867 1.94848573 -0.60171032
v 1.72520638 1.94941950 -0.60333169
v 1.72258270 1.94668067 -0.60170430
v 1.72336125 1.94525647 -0.60062188
v 1.72658360 1.94708812 -0.60062748
v 1.72258270 1.94668067 -0.60170430
v 1.72658360 1.94708812 -0.60062748
v 1.72575867 1.94848573 -0.60171032
v 1.72336125 1.94525647 -0.60062188
v 1.72427785 1.94357657 -0.60024303
v 1.72755539 1.94543958 -0.60024816
v 1.72336125 1.94525647 -0.60062188
v 1.72755539 1.94543958 -0.60024816
v 1.72658360 1.94708812 -0.60062748
v 1.72755539 1.94543958 -0.60024816
v 1.72852623 1.94379103 -0.60063004
v 1.73177111 1.94578266 -0.60063010
v 1.72755539 1.94543958 -0.60024816
v 1.73177111 1.94578266 -0.60063010
v 1.73074901 1.94740069 -0.60025138
v 1.72852623 1.94379103 -0.60063004
v 1.72934830 1.94239354 -0.60171497
v 1.73263752 1.94441009 -0.60171235
v 1.72852623 1.94379103 -0.60063004
v 1.73263752 1.94441009 -0.60171235
v 1.73177111 1.94578266 -0.60063010
v 1.72934830 1.94239354 -0.60171497
v 1.72989643 1.94145966 -0.60333776
v 1.73321652 1.94349194 -0.60333341
v 1.72934830 1.94239354 -0.60171497
v 1.73321652 1.94349194 -0.60333341
v 1.73263752 1.94441009 -0.60171235
v 1.72989643 1.94145966 -0.60333776
v 1.73008704 1.94113171 -0.60525143
v 1.73341978 1.94316792 -0.60524648
v 1.72989643 1.94145966 -0.60333776
v 1.73341978 1.94316792 -0.60524648
v 1.73321652 1.94349194 -0.60333341
v 1.73008704 1.94113171 -0.60525143
v 1.72989142 1.94145966 -0.60716462
v 1.73321652 1.94348752 -0.60716027
v 1.73008704 1.94113171 -0.60525143
v 1.73321652 1.94348752 -0.60716027
v 1.73341978 1.94316792 -0.60524648
v 1.72989142 1.94145966 -0.60716462
v 1.72933912 1.94239354 -0.60878599
v 1.73263752 1.94440186 -0.60878342
v 1.72989142 1.94145966 -0.60716462
v 1.73263752 1.94440186 -0.60878342
v 1.73321652 1.94348752 -0.60716027
v 1.72933912 1.94239354 -0.60878599
v 1.72851419 1.94379103 -0.60986882
v 1.73177111 1.94577193 -0.60986888
v 1.72933912 1.94239354 -0.60878599
v 1.73177111 1.94577193 -0.60986888
v 1.73263752 1.94440186 -0.60878342
v 1.72851419 1.94379103 -0.60986882
v 1.72754240 1.94543958 -0.61024815
v 1.73074901 1.94738913 -0.61025137
v 1.72851419 1.94379103 -0.60986882
v 1.73074901 1.94738913 -0.61025137
v 1.73177111 1.94577193 -0.60986888
v 1.72754240 1.94543958 -0.61024815
v 1.72657156 1.94708812 -0.60986632
v 1.72972703 1.94900715 -0.60987270
v 1.72754240 1.94543958 -0.61024815
v 1.72972703 1.94900715 -0.60987270
v 1.73074901 1.94738913 -0.61025137
v 1.72657156 1.94708812 -0.60986632
v 1.72574949 1.94848573 -0.60878134
v 1.72886050 1.95037973 -0.60879040
v 1.72657156 1.94708812 -0.60986632
v 1.72886050 1.95037973 -0.60879040
v 1.72972703 1.94900715 -0.60987270
v 1.72574949 1.94848573 -0.60878134
v 1.72520149 1.94941950 -0.60715854
v 1.72828162 1.95129788 -0.60716933
v 1.72574949 1.94848573 -0.60878134
v 1.72828162 1.95129788 -0.60716933
v 1.72886050 1.95037973 -0.60879040
v 1.72520149 1.94941950 -0.60715854
v 1.72501075 1.94974744 -0.60524487
v 1.72807825 1.95162189 -0.60525632
v 1.72520149 1.94941950 -0.60715854
v 1.72807825 1.95162189 -0.60525632
v 1.72828162 1.95129788 -0.60716933
v 1.72501075 1.94974744 -0.60524487
v 1.72520638 1.94941950 -0.60333169
v 1.72828162 1.95130229 -0.60334253
v 1.72501075 1.94974744 -0.60524487
v 1.72828162 1.95130229 -0.60334253
v 1.72807825 1.95162189 -0.60525632
v 1.72520638 1.94941950 -0.60333169
v 1.72575867 1.94848573 -0.60171032
v 1.72886050 1.95038795 -0.60171932
v 1.72520638 1.94941950 -0.60333169
v 1.72886050 1.95038795 -0.60171932
v 1.72828162 1.95130229 -0.60334253
v 1.72575867 1.94848573 -0.60171032
v 1.72658360 1.94708812 -0.60062748
v 1.72972703 1.94901788 -0.60063386
v 1.72575867 1.94848573 -0.60171032
v 1.72972703 1.94901788 -0.60063386
v 1.72886050 1.95038795 -0.60171932
v 1.72658360 1.94708812 -0.60062748
v 1.72755539 1.94543958 -0.60024816
v 1.73074901 1.94740069 -0.60025138
v 1.72658360 1.94708812 -0.60062748
v 1.73074901 1.94740069 -0.60025138
v 1.72972703 1.94901788 -0.60063386
v 1.73074901 1.94740069 -0.60025138
v 1.73177111 1.94578266 -0.60063010
v 1.73494363 1.94785070 -0.60063297
v 1.73074901 1.94740069 -0.60025138
v 1.73494363 1.94785070 -0.60063297
v 1.73387432 1.94943762 -0.60025281
v 1.73177111 1.94578266 -0.60063010
v 1.73263752 1.94441009 -0.60171235
v 1.73585010 1.94650531 -0.60171646
v 1.73177111 1.94578266 -0.60063010
v 1.73585010 1.94650531 -0.60171646
v 1.73494363 1.94785070 -0.60063297
v 1.73263752 1.94441009 -0.60171235
v 1.73321652 1.94349194 -0.60333341
v 1.73645580 1.94560599 -0.60333836
v 1.73263752 1.94441009 -0.60171235
v 1.73645580 1.94560599 -0.60333836
v 1.73585010 1.94650531 -0.60171646
v 1.73321652 1.94349194 -0.60333341
v 1.73341978 1.94316792 -0.60524648
v 1.73666847 1.94528985 -0.60525167
v 1.73321652 1.94349194 -0.60333341
v 1.73666847 1.94528985 -0.60525167
v 1.73645580 1.94560599 -0.60333836
v 1.73341978 1.94316792 -0.60524648
v 1.73321652 1.94348752 -0.60716027
v 1.73645580 1.94560492 -0.60716516
v 1.73341978 1.94316792 -0.60524648
v 1.73645580 1.94560492 -0.60716516
v 1.73666847 1.94528985 -0.60525167
v 1.73321652 1.94348752 -0.60716027
v 1.73263752 1.94440186 -0.60878342
v 1.73585010 1.94650328 -0.60878754
v 1.73321652 1.94348752 -0.60716027
v 1.73585010 1.94650328 -0.60878754
v 1.73645580 1.94560492 -0.60716516
v 1.73263752 1.94440186 -0.60878342
v 1.73177111 1.94577193 -0.60986888
v 1.73494363 1.94784820 -0.60987180
v 1.73263752 1.94440186 -0.60878342
v 1.73494363 1.94784820 -0.60987180
v 1.73585010 1.94650328 -0.60878754
v 1.73177111 1.94577193 -0.60986888
v 1.73074901 1.94738913 -0.61025137
v 1.73387432 1.94943488 -0.61025280
v 1.73177111 1.94577193 -0.60986888
v 1.73387432 1.94943488 -0.61025280
v 1.73494363 1.94784820 -0.60987180
v 1.73074901 1.94738913 -0.61025137
v 1.72972703 1.94900715 -0.60987270
v 1.73280501 1.95102167 -0.60987264
v 1.73074901 1.94738913 -0.61025137
v 1.73280501 1.95102167 -0.60987264
v 1.73387432 1.94943488 -0.61025280
v 1.72972703 1.94900715 -0.60987270
v 1.72886050 1.95037973 -0.60879040
v 1.73189855 1.95236719 -0.60878915
v 1.72972703 1.94900715 -0.60987270
v 1.73189855 1.95236719 -0.60878915
v 1.73280501 1.95102167 -0.60987264
v 1.72886050 1.95037973 -0.60879040
v 1.72828162 1.95129788 -0.60716933
v 1.73129284 1.95326650 -0.60716730
v 1.72886050 1.95037973 -0.60879040
v 1.73129284 1.95326650 -0.60716730
v 1.73189855 1.95236719 -0.60878915
v 1.72828162 1.95129788 -0.60716933
v 1.72807825 1.95162189 -0.60525632
v 1.73108006 1.95358264 -0.60525399
v 1.72828162 1.95129788 -0.60716933
v 1.73108006 1.95358264 -0.60525399
v 1.73129284 1.95326650 -0.60716730
v 1.72807825 1.95162189 -0.60525632
v 1.72828162 1.95130229 -0.60334253
v 1.73129284 1.95326757 -0.60334045
v 1.72807825 1.95162189 -0.60525632
v 1.73129284 1.95326757 -0.60334045
v 1.73108006 1.95358264 -0.60525399
v 1.72828162 1.95130229 -0.60334253
v 1.72886050 1.95038795 -0.60171932
v 1.73189855 1.95236909 -0.60171807
v 1.72828162 1.95130229 -0.60334253
v 1.73189855 1.95236909 -0.60171807
v 1.73129284 1.95326757 -0.60334045
v 1.72886050 1.95038795 -0.60171932
v 1.72972703 1.94901788 -0.60063386
v 1.73280501 1.95102429 -0.60063386
v 1.72886050 1.95038795 -0.60171932
v 1.73280501 1.95102429 -0.60063386
v 1.73189855 1.95236909 -0.60171807
v 1.72972703 1.94901788 -0.60063386
v 1.73074901 1.94740069 -0.60025138
v 1.73387432 1.94943762 -0.60025281
v 1.72972703 1.94901788 -0.60063386
v 1.73387432 1.94943762 -0.60025281
v 1.73280501 1.95102429 -0.60063386
v 1.73387432 1.94943762 -0.60025281
v 1.73494363 1.94785070 -0.60063297
v 1.73804235 1.95000100 -0.60063392
v 1.73387432 1.94943762 -0.60025281
v 1.73804235 1.95000100 -0.60063392
v 1.73692846 1.95155656 -0.60025257
v 1.73494363 1.94785070 -0.60063297
v 1.73585010 1.94650531 -0.60171646
v 1.73898661 1.94868267 -0.60171849
v 1.73494363 1.94785070 -0.60063297
v 1.73898661 1.94868267 -0.60171849
v 1.73804235 1.95000100 -0.60063392
v 1.73585010 1.94650531 -0.60171646
v 1.73645580 1.94560599 -0.60333836
v 1.73961759 1.94780219 -0.60334104
v 1.73585010 1.94650531 -0.60171646
v 1.73961759 1.94780219 -0.60334104
v 1.73898661 1.94868267 -0.60171849
v 1.73645580 1.94560599 -0.60333836
v 1.73666847 1.94528985 -0.60525167
v 1.73983920 1.94749367 -0.60525459
v 1.73645580 1.94560599 -0.60333836
v 1.73983920 1.94749367 -0.60525459
v 1.73961759 1.94780219 -0.60334104
v 1.73666847 1.94528985 -0.60525167
v 1.73645580 1.94560492 -0.60716516
v 1.73961759 1.94780409 -0.60716784
v 1.73666847 1.94528985 -0.60525167
v 1.73961759 1.94780409 -0.60716784
v 1.73983920 1.94749367 -0.60525459
v 1.73645580 1.94560492 -0.60716516
v 1.73585010 1.94650328 -0.60878754
v 1.73898661 1.94868624 -0.60878956
v 1.73645580 1.94560492 -0.60716516
v 1.73898661 1.94868624 -0.60878956
v 1.73961759 1.94780409 -0.60716784
v 1.73585010 1.94650328 -0.60878754
v 1.73494363 1.94784820 -0.60987180
v 1.73804235 1.95000577 -0.60987276
v 1.73585010 1.94650328 -0.60878754
v 1.73804235 1.95000577 -0.60987276
v 1.73898661 1.94868624 -0.60878956
v 1.73494363 1.94784820 -0.60987180
v 1.73387432 1.94943488 -0.61025280
v 1.73692846 1.95156169 -0.61025256
v 1.73494363 1.94784820 -0.60987180
v 1.73692846 1.95156169 -0.61025256
v 1.73804235 1.95000577 -0.60987276
v 1.73387432 1.94943488 -0.61025280
v 1.73280501 1.95102167 -0.60987264
v 1.73581469 1.95311725 -0.60987115
v 1.73387432 1.94943488 -0.61025280
v 1.73581469 1.95311725 -0.60987115
v 1.73692846 1.95156169 -0.61025256
v 1.73280501 1.95102167 -0.60987264
v 1.73189855 1.95236719 -0.60878915
v 1.73487031 1.95443571 -0.60878658
v 1.73280501 1.95102167 -0.60987264
v 1.73487031 1.95443571 -0.60878658
v 1.73581469 1.95311725 -0.60987115
v 1.73189855 1.95236719 -0.60878915
v 1.73129284 1.95326650 -0.60716730
v 1.73423946 1.95531619 -0.60716403
v 1.73189855 1.95236719 -0.60878915
v 1.73423946 1.95531619 -0.60716403
v 1.73487031 1.95443571 -0.60878658
v 1.73129284 1.95326650 -0.60716730
v 1.73108006 1.95358264 -0.60525399
v 1.73401785 1.95562458 -0.60525048
v 1.73129284 1.95326650 -0.60716730
v 1.73401785 1.95562458 -0.60525048
v 1.73423946 1.95531619 -0.60716403
v 1.73108006 1.95358264 -0.60525399
v 1.73129284 1.95326757 -0.60334045
v 1.73423946 1.95531416 -0.60333723
v 1.73108006 1.95358264 -0.60525399
v 1.73423946 1.95531416 -0.60333723
v 1.73401785 1.95562458 -0.60525048
v 1.73129284 1.95326757 -0.60334045
v 1.73189855 1.95236909 -0.60171807
v 1.73487031 1.95443213 -0.60171556
v 1.73129284 1.95326757 -0.60334045
v 1.73487031 1.95443213 -0.60171556
v 1.73423946 1.95531416 -0.60333723
v 1.73189855 1.95236909 -0.60171807
v 1.73280501 1.95102429 -0.60063386
v 1.73581469 1.95311260 -0.60063237
v 1.73189855 1.95236909 -0.60171807
v 1.73581469 1.95311260 -0.60063237
v 1.73487031 1.95443213 -0.60171556
v 1.73280501 1.95102429 -0.60063386
v 1.73387432 1.94943762 -0.60025281
v 1.73692846 1.95155656 -0.60025257
v 1.73280501 1.95102429 -0.60063386
v 1.73692846 1.95155656 -0.60025257
v 1.73581469 1.95311260 -0.60063237
v 1.73692846 1.95155656 -0.60025257
v 1.73804235 1.95000100 -0.60063392
v 1.74107075 1.95223057 -0.60063308
v 1.73692846 1.95155656 -0.60025257
v 1.74107075 1.95223057 -0.60063308
v 1.73991442 1.95375454 -0.60025060
v 1.73804235 1.95000100 -0.60063392
v 1.73898661 1.94868267 -0.60171849
v 1.74205112 1.95093942 -0.60171849
v 1.73804235 1.95000100 -0.60063392
v 1.74205112 1.95093942 -0.60171849
v 1.74107075 1.95223057 -0.60063308
v 1.73898661 1.94868267 -0.60171849
v 1.73961759 1.94780219 -0.60334104
v 1.74270606 1.95007789 -0.60334170
v 1.73898661 1.94868267 -0.60171849
v 1.74270606 1.95007789 -0.60334170
v 1.74205112 1.95093942 -0.60171849
v 1.73961759 1.94780219 -0.60334104
v 1.73983920 1.94749367 -0.60525459
v 1.74293613 1.94977701 -0.60525548
v 1.73961759 1.94780219 -0.60334104
v 1.74293613 1.94977701 -0.60525548
v 1.74270606 1.95007789 -0.60334170
v 1.73983920 1.94749367 -0.60525459
v 1.73961759 1.94780409 -0.60716784
v 1.74270606 1.95008254 -0.60716850
v 1.73983920 1.94749367 -0.60525459
v 1.74270606 1.95008254 -0.60716850
v 1.74293613 1.94977701 -0.60525548
v 1.73961759 1.94780409 -0.60716784
v 1.73898661 1.94868624 -0.60878956
v 1.74205112 1.95094812 -0.60878956
v 1.73961759 1.94780409 -0.60716784
v 1.74205112 1.95094812 -0.60878956
v 1.74270606 1.95008254 -0.60716850
v 1.73898661 1.94868624 -0.60878956
v 1.73804235 1.95000577 -0.60987276
v 1.74107075 1.95224178 -0.60987186
v 1.73898661 1.94868624 -0.60878956
v 1.74107075 1.95224178 -0.60987186
v 1.74205112 1.95094812 -0.60878956
v 1.73804235 1.95000577 -0.60987276
v 1.73692846 1.95156169 -0.61025256
v 1.73991442 1.95376670 -0.61025059
v 1.73804235 1.95000577 -0.60987276
v 1.73991442 1.95376670 -0.61025059
v 1.74107075 1.95224178 -0.60987186
v 1.73692846 1.95156169 -0.61025256
v 1.73581469 1.95311725 -0.60987115
v 1.73875809 1.95529068 -0.60986817
v 1.73692846 1.95156169 -0.61025256
v 1.73875809 1.95529068 -0.60986817
v 1.73991442 1.95376670 -0.61025059
v 1.73581469 1.95311725 -0.60987115
v 1.73487031 1.95443571 -0.60878658
v 1.73777771 1.95658171 -0.60878271
v 1.73581469 1.95311725 -0.60987115
v 1.73777771 1.95658171 -0.60878271
v 1.73875809 1.95529068 -0.60986817
v 1.73487031 1.95443571 -0.60878658
v 1.73423946 1.95531619 -0.60716403
v 1.73712265 1.95744336 -0.60715955
v 1.73487031 1.95443571 -0.60878658
v 1.73712265 1.95744336 -0.60715955
v 1.73777771 1.95658171 -0.60878271
v 1.73423946 1.95531619 -0.60716403
v 1.73401785 1.95562458 -0.60525048
v 1.73689270 1.95774424 -0.60524577
v 1.73423946 1.95531619 -0.60716403
v 1.73689270 1.95774424 -0.60524577
v 1.73712265 1.95744336 -0.60715955
v 1.73401785 1.95562458 -0.60525048
v 1.73423946 1.95531416 -0.60333723
v 1.73712265 1.95743871 -0.60333276
v 1.73401785 1.95562458 -0.60525048
v 1.73712265 1.95743871 -0.60333276
v 1.73689270 1.95774424 -0.60524577
v 1.73423946 1.95531416 -0.60333723
v 1.73487031 1.95443213 -0.60171556
v 1.73777771 1.95657313 -0.60171169
v 1.73423946 1.95531416 -0.60333723
v 1.73777771 1.95657313 -0.60171169
v 1.73712265 1.95743871 -0.60333276
v 1.73487031 1.95443213 -0.60171556
v 1.73581469 1.95311260 -0.60063237
v 1.73875809 1.95527947 -0.60062939
v 1.73487031 1.95443213 -0.60171556
v 1.73875809 1.95527947 -0.60062939
v 1.73777771 1.95657313 -0.60171169
v 1.73581469 1.95311260 -0.60063237
v 1.73692846 1.95155656 -0.60025257
v 1.73991442 1.95375454 -0.60025060
v 1.73581469 1.95311260 -0.60063237
v 1.73991442 1.95375454 -0.60025060
v 1.73875809 1.95527947 -0.60062939
v 1.73991442 1.95375454 -0.60025060
v 1.74107075 1.95223057 -0.60063308
v 1.74403095 1.95453727 -0.60063046
v 1.73991442 1.95375454 -0.60025060
v 1.74403095 1.95453727 -0.60063046
v 1.74283373 1.95602918 -0.60024709
v 1.74107075 1.95223057 -0.60063308
v 1.74205112 1.95093942 -0.60171849
v 1.74504590 1.95327401 -0.60171670
v 1.74107075 1.95223057 -0.60063308
v 1.74504590 1.95327401 -0.60171670
v 1.74403095 1.95453727 -0.60063046
v 1.74205112 1.95093942 -0.60171849
v 1.74270606 1.95007789 -0.60334170
v 1.74572408 1.95243144 -0.60334039
v 1.74205112 1.95093942 -0.60171849
v 1.74572408 1.95243144 -0.60334039
v 1.74504590 1.95327401 -0.60171670
v 1.74270606 1.95007789 -0.60334170
v 1.74293613 1.94977701 -0.60525548
v 1.74596226 1.95213819 -0.60525435
v 1.74270606 1.95007789 -0.60334170
v 1.74596226 1.95213819 -0.60525435
v 1.74572408 1.95243144 -0.60334039
v 1.74293613 1.94977701 -0.60525548
v 1.74270606 1.95008254 -0.60716850
v 1.74572408 1.95243859 -0.60716718
v 1.74293613 1.94977701 -0.60525548
v 1.74572408 1.95243859 -0.60716718
v 1.74596226 1.95213819 -0.60525435
v 1.74270606 1.95008254 -0.60716850
v 1.74205112 1.95094812 -0.60878956
v 1.74504590 1.95328712 -0.60878778
v 1.74270606 1.95008254 -0.60716850
v 1.74504590 1.95328712 -0.60878778
v 1.74572408 1.95243859 -0.60716718
v 1.74205112 1.95094812 -0.60878956
v 1.74107075 1.95224178 -0.60987186
v 1.74403095 1.95455444 -0.60986924
v 1.74205112 1.95094812 -0.60878956
v 1.74403095 1.95455444 -0.60986924
v 1.74504590 1.95328712 -0.60878778
v 1.74107075 1.95224178 -0.60987186
v 1.73991442 1.95376670 -0.61025059
v 1.74283373 1.95604777 -0.61024708
v 1.74107075 1.95224178 -0.60987186
v 1.74283373 1.95604777 -0.61024708
v 1.74403095 1.95455444 -0.60986924
v 1.73991442 1.95376670 -0.61025059
v 1.73875809 1.95529068 -0.60986817
v 1.74163651 1.95753968 -0.60986370
v 1.73991442 1.95376670 -0.61025059
v 1.74163651 1.95753968 -0.60986370
v 1.74283373 1.95604777 -0.61024708
v 1.73875809 1.95529068 -0.60986817
v 1.73777771 1.95658171 -0.60878271
v 1.74062157 1.95880306 -0.60877746
v 1.73875809 1.95529068 -0.60986817
v 1.74062157 1.95880306 -0.60877746
v 1.74163651 1.95753968 -0.60986370
v 1.73777771 1.95658171 -0.60878271
v 1.73712265 1.95744336 -0.60715955
v 1.73994339 1.95964551 -0.60715383
v 1.73777771 1.95658171 -0.60878271
v 1.73994339 1.95964551 -0.60715383
v 1.74062157 1.95880306 -0.60877746
v 1.73712265 1.95744336 -0.60715955
v 1.73689270 1.95774424 -0.60524577
v 1.73970532 1.95993876 -0.60523987
v 1.73712265 1.95744336 -0.60715955
v 1.73970532 1.95993876 -0.60523987
v 1.73994339 1.95964551 -0.60715383
v 1.73689270 1.95774424 -0.60524577
v 1.73712265 1.95743871 -0.60333276
v 1.73994339 1.95963836 -0.60332698
v 1.73689270 1.95774424 -0.60524577
v 1.73994339 1.95963836 -0.60332698
v 1.73970532 1.95993876 -0.60523987
v 1.73712265 1.95743871 -0.60333276
v 1.73777771 1.95657313 -0.60171169
v 1.74062157 1.95878983 -0.60170645
v 1.73712265 1.95743871 -0.60333276
v 1.74062157 1.95878983 -0.60170645
v 1.73994339 1.95963836 -0.60332698
v 1.73777771 1.95657313 -0.60171169
v 1.73875809 1.95527947 -0.60062939
v 1.74163651 1.95752251 -0.60062492
v 1.73777771 1.95657313 -0.60171169
v 1.74163651 1.95752251 -0.60062492
v 1.74062157 1.95878983 -0.60170645
v 1.73875809 1.95527947 -0.60062939
v 1.73991442 1.95375454 -0.60025060
v 1.74283373 1.95602918 -0.60024709
v 1.73875809 1.95527947 -0.60062939
v 1.74283373 1.95602918 -0.60024709
v 1.74163651 1.95752251 -0.60062492
v 1.74283373 1.95602918 -0.60024709
v 1.74403095 1.95453727 -0.60063046
v 1.74692452 1.95692015 -0.60062623
v 1.74283373 1.95602918 -0.60024709
v 1.74692452 1.95692015 -0.60062623
v 1.74568772 1.95837915 -0.60024202
v 1.74403095 1.95453727 -0.60063046
v 1.74504590 1.95327401 -0.60171670
v 1.74797308 1.95568514 -0.60171312
v 1.74403095 1.95453727 -0.60063046
v 1.74797308 1.95568514 -0.60171312
v 1.74692452 1.95692015 -0.60062623
v 1.74504590 1.95327401 -0.60171670
v 1.74572408 1.95243144 -0.60334039
v 1.74867368 1.95486212 -0.60333723
v 1.74504590 1.95327401 -0.60171670
v 1.74867368 1.95486212 -0.60333723
v 1.74797308 1.95568514 -0.60171312
v 1.74572408 1.95243144 -0.60334039
v 1.74596226 1.95213819 -0.60525435
v 1.74891961 1.95457637 -0.60525137
v 1.74572408 1.95243144 -0.60334039
v 1.74891961 1.95457637 -0.60525137
v 1.74867368 1.95486212 -0.60333723
v 1.74596226 1.95213819 -0.60525435
v 1.74572408 1.95243859 -0.60716718
v 1.74867368 1.95487154 -0.60716408
v 1.74596226 1.95213819 -0.60525435
v 1.74867368 1.95487154 -0.60716408
v 1.74891961 1.95457637 -0.60525137
v 1.74572408 1.95243859 -0.60716718
v 1.74504590 1.95328712 -0.60878778
v 1.74797308 1.95570254 -0.60878414
v 1.74572408 1.95243859 -0.60716718
v 1.74797308 1.95570254 -0.60878414
v 1.74867368 1.95487154 -0.60716408
v 1.74504590 1.95328712 -0.60878778
v 1.74403095 1.95455444 -0.60986924
v 1.74692452 1.95694280 -0.60986495
v 1.74504590 1.95328712 -0.60878778
v 1.74692452 1.95694280 -0.60986495
v 1.74797308 1.95570254 -0.60878414
v 1.74403095 1.95455444 -0.60986924
v 1.74283373 1.95604777 -0.61024708
v 1.74568772 1.95840371 -0.61024201
v 1.74403095 1.95455444 -0.60986924
v 1.74568772 1.95840371 -0.61024201
v 1.74692452 1.95694280 -0.60986495
v 1.74283373 1.95604777 -0.61024708
v 1.74163651 1.95753968 -0.60986370
v 1.74445093 1.95986283 -0.60985780
v 1.74283373 1.95604777 -0.61024708
v 1.74445093 1.95986283 -0.60985780
v 1.74568772 1.95840371 -0.61024201
v 1.74163651 1.95753968 -0.60986370
v 1.74062157 1.95880306 -0.60877746
v 1.74340248 1.96109784 -0.60877091
v 1.74163651 1.95753968 -0.60986370
v 1.74340248 1.96109784 -0.60877091
v 1.74445093 1.95986283 -0.60985780
v 1.74062157 1.95880306 -0.60877746
v 1.73994339 1.95964551 -0.60715383
v 1.74270189 1.96192086 -0.60714674
v 1.74062157 1.95880306 -0.60877746
v 1.74270189 1.96192086 -0.60714674
v 1.74340248 1.96109784 -0.60877091
v 1.73994339 1.95964551 -0.60715383
v 1.73970532 1.95993876 -0.60523987
v 1.74245584 1.96220660 -0.60523260
v 1.73994339 1.95964551 -0.60715383
v 1.74245584 1.96220660 -0.60523260
v 1.74270189 1.96192086 -0.60714674
v 1.73970532 1.95993876 -0.60523987
v 1.73994339 1.95963836 -0.60332698
v 1.74270189 1.96191144 -0.60331994
v 1.73970532 1.95993876 -0.60523987
v 1.74270189 1.96191144 -0.60331994
v 1.74245584 1.96220660 -0.60523260
v 1.73994339 1.95963836 -0.60332698
v 1.74062157 1.95878983 -0.60170645
v 1.74340248 1.96108043 -0.60169983
v 1.73994339 1.95963836 -0.60332698
v 1.74340248 1.96108043 -0.60169983
v 1.74270189 1.96191144 -0.60331994
v 1.74062157 1.95878983 -0.60170645
v 1.74163651 1.95752251 -0.60062492
v 1.74445093 1.95984006 -0.60061902
v 1.74062157 1.95878983 -0.60170645
v 1.74445093 1.95984006 -0.60061902
v 1.74340248 1.96108043 -0.60169983
v 1.74163651 1.95752251 -0.60062492
v 1.74283373 1.95602918 -0.60024709
v 1.74568772 1.95837915 -0.60024202
v 1.74163651 1.95752251 -0.60062492
v 1.74568772 1.95837915 -0.60024202
v 1.74445093 1.95984006 -0.60061902
v 1.74568772 1.95837915 -0.60024202
v 1.74692452 1.95692015 -0.60062623
v 1.74975228 1.95937860 -0.60062027
v 1.74568772 1.95837915 -0.60024202
v 1.74975228 1.95937860 -0.60062027
v 1.74847698 1.96080387 -0.60023534
v 1.74692452 1.95692015 -0.60062623
v 1.74797308 1.95568514 -0.60171312
v 1.75083339 1.95817256 -0.60170776
v 1.74692452 1.95692015 -0.60062623
v 1.75083339 1.95817256 -0.60170776
v 1.74975228 1.95937860 -0.60062027
v 1.74797308 1.95568514 -0.60171312
v 1.74867368 1.95486212 -0.60333723
v 1.75155580 1.95736945 -0.60333234
v 1.74797308 1.95568514 -0.60171312
v 1.75155580 1.95736945 -0.60333234
v 1.75083339 1.95817256 -0.60170776
v 1.74867368 1.95486212 -0.60333723
v 1.74891961 1.95457637 -0.60525137
v 1.75180948 1.95709157 -0.60524660
v 1.74867368 1.95486212 -0.60333723
v 1.75180948 1.95709157 -0.60524660
v 1.75155580 1.95736945 -0.60333234
v 1.74891961 1.95457637 -0.60525137
v 1.74867368 1.95487154 -0.60716408
v 1.75155580 1.95738101 -0.60715914
v 1.74891961 1.95457637 -0.60525137
v 1.75155580 1.95738101 -0.60715914
v 1.75180948 1.95709157 -0.60524660
v 1.74867368 1.95487154 -0.60716408
v 1.74797308 1.95570254 -0.60878414
v 1.75083339 1.95819390 -0.60877883
v 1.74867368 1.95487154 -0.60716408
v 1.75083339 1.95819390 -0.60877883
v 1.75155580 1.95738101 -0.60715914
v 1.74797308 1.95570254 -0.60878414
v 1.74692452 1.95694280 -0.60986495
v 1.74975228 1.95940650 -0.60985905
v 1.74797308 1.95570254 -0.60878414
v 1.74975228 1.95940650 -0.60985905
v 1.75083339 1.95819390 -0.60877883
v 1.74692452 1.95694280 -0.60986495
v 1.74568772 1.95840371 -0.61024201
v 1.74847698 1.96083403 -0.61023533
v 1.74692452 1.95694280 -0.60986495
v 1.74847698 1.96083403 -0.61023533
v 1.74975228 1.95940650 -0.60985905
v 1.74568772 1.95840371 -0.61024201
v 1.74445093 1.95986283 -0.60985780
v 1.74720156 1.96225929 -0.60985041
v 1.74568772 1.95840371 -0.61024201
v 1.74720156 1.96225929 -0.60985041
v 1.74847698 1.96083403 -0.61023533
v 1.74445093 1.95986283 -0.60985780
v 1.74340248 1.96109784 -0.60877091
v 1.74612045 1.96346533 -0.60876292
v 1.74445093 1.95986283 -0.60985780
v 1.74612045 1.96346533 -0.60876292
v 1.74720156 1.96225929 -0.60985041
v 1.74340248 1.96109784 -0.60877091
v 1.74270189 1.96192086 -0.60714674
v 1.74539804 1.96426845 -0.60713840
v 1.74340248 1.96109784 -0.60877091
v 1.74539804 1.96426845 -0.60713840
v 1.74612045 1.96346533 -0.60876292
v 1.74270189 1.96192086 -0.60714674
v 1.74245584 1.96220660 -0.60523260
v 1.74514437 1.96454632 -0.60522413
v 1.74270189 1.96192086 -0.60714674
v 1.74514437 1.96454632 -0.60522413
v 1.74539804 1.96426845 -0.60713840
v 1.74245584 1.96220660 -0.60523260
v 1.74270189 1.96191144 -0.60331994
v 1.74539804 1.96425688 -0.60331154
v 1.74245584 1.96220660 -0.60523260
v 1.74539804 1.96425688 -0.60331154
v 1.74514437 1.96454632 -0.60522413
v 1.74270189 1.96191144 -0.60331994
v 1.74340248 1.96108043 -0.60169983
v 1.74612045 1.96344399 -0.60169190
v 1.74270189 1.96191144 -0.60331994
v 1.74612045 1.96344399 -0.60169190
v 1.74539804 1.96425688 -0.60331154
v 1.74340248 1.96108043 -0.60169983
v 1.74445093 1.95984006 -0.60061902
v 1.74720156 1.96223140 -0.60061169
v 1.74340248 1.96108043 -0.60169983
v 1.74720156 1.96223140 -0.60061169
v 1.74612045 1.96344399 -0.60169190
v 1.74445093 1.95984006 -0.60061902
v 1.74568772 1.95837915 -0.60024202
v 1.74847698 1.96080387 -0.60023534
v 1.74445093 1.95984006 -0.60061902
v 1.74847698 1.96080387 -0.60023534
v 1.74720156 1.96223140 -0.60061169
v 1.74847698 1.96080387 -0.60023534
v 1.74975228 1.95937860 -0.60062027
v 1.75251436 1.96191275 -0.60061270
v 1.74847698 1.96080387 -0.60023534
v 1.75251436 1.96191275 -0.60061270
v 1.75120127 1.96330321 -0.60022718
v 1.74975228 1.95937860 -0.60062027
v 1.75083339 1.95817256 -0.60170776
v 1.75362754 1.96073675 -0.60170072
v 1.74975228 1.95937860 -0.60062027
v 1.75362754 1.96073675 -0.60170072
v 1.75251436 1.96191275 -0.60061270
v 1.75083339 1.95817256 -0.60170776
v 1.75155580 1.95736945 -0.60333234
v 1.75437140 1.95995414 -0.60332566
v 1.75083339 1.95817256 -0.60170776
v 1.75437140 1.95995414 -0.60332566
v 1.75362754 1.96073675 -0.60170072
v 1.75155580 1.95736945 -0.60333234
v 1.75180948 1.95709157 -0.60524660
v 1.75463259 1.95968413 -0.60524005
v 1.75155580 1.95736945 -0.60333234
v 1.75463259 1.95968413 -0.60524005
v 1.75437140 1.95995414 -0.60332566
v 1.75180948 1.95709157 -0.60524660
v 1.75155580 1.95738101 -0.60715914
v 1.75437140 1.95996773 -0.60715246
v 1.75180948 1.95709157 -0.60524660
v 1.75437140 1.95996773 -0.60715246
v 1.75463259 1.95968413 -0.60524005
v 1.75155580 1.95738101 -0.60715914
v 1.75083339 1.95819390 -0.60877883
v 1.75362754 1.96076190 -0.60877174
v 1.75155580 1.95738101 -0.60715914
v 1.75362754 1.96076190 -0.60877174
v 1.75437140 1.95996773 -0.60715246
v 1.75083339 1.95819390 -0.60877883
v 1.74975228 1.95940650 -0.60985905
v 1.75251436 1.96194553 -0.60985142
v 1.75083339 1.95819390 -0.60877883
v 1.75251436 1.96194553 -0.60985142
v 1.75362754 1.96076190 -0.60877174
v 1.74975228 1.95940650 -0.60985905
v 1.74847698 1.96083403 -0.61023533
v 1.75120127 1.96333861 -0.61022711
v 1.74975228 1.95940650 -0.60985905
v 1.75120127 1.96333861 -0.61022711
v 1.75251436 1.96194553 -0.60985142
v 1.74847698 1.96083403 -0.61023533
v 1.74720156 1.96225929 -0.60985041
v 1.74988818 1.96472907 -0.60984159
v 1.74847698 1.96083403 -0.61023533
v 1.74988818 1.96472907 -0.60984159
v 1.75120127 1.96333861 -0.61022711
v 1.74720156 1.96225929 -0.60985041
v 1.74612045 1.96346533 -0.60876292
v 1.74877501 1.96590507 -0.60875356
v 1.74720156 1.96225929 -0.60985041
v 1.74877501 1.96590507 -0.60875356
v 1.74988818 1.96472907 -0.60984159
v 1.74612045 1.96346533 -0.60876292
v 1.74539804 1.96426845 -0.60713840
v 1.74803114 1.96668768 -0.60712862
v 1.74612045 1.96346533 -0.60876292
v 1.74803114 1.96668768 -0.60712862
v 1.74877501 1.96590507 -0.60875356
v 1.74539804 1.96426845 -0.60713840
v 1.74514437 1.96454632 -0.60522413
v 1.74776995 1.96695769 -0.60521424
v 1.74539804 1.96426845 -0.60713840
v 1.74776995 1.96695769 -0.60521424
v 1.74803114 1.96668768 -0.60712862
v 1.74514437 1.96454632 -0.60522413
v 1.74539804 1.96425688 -0.60331154
v 1.74803114 1.96667409 -0.60330182
v 1.74514437 1.96454632 -0.60522413
v 1.74803114 1.96667409 -0.60330182
v 1.74776995 1.96695769 -0.60521424
v 1.74539804 1.96425688 -0.60331154
v 1.74612045 1.96344399 -0.60169190
v 1.74877501 1.96587992 -0.60168248
v 1.74539804 1.96425688 -0.60331154
v 1.74877501 1.96587992 -0.60168248
v 1.74803114 1.96667409 -0.60330182
v 1.74612045 1.96344399 -0.60169190
v 1.74720156 1.96223140 -0.60061169
v 1.74988818 1.96469629 -0.60060281
v 1.74612045 1.96344399 -0.60169190
v 1.74988818 1.96469629 -0.60060281
v 1.74877501 1.96587992 -0.60168248
v 1.74720156 1.96223140 -0.60061169
v 1.74847698 1.96080387 -0.60023534
v 1.75120127 1.96330321 -0.60022718
v 1.74720156 1.96223140 -0.60061169
v 1.75120127 1.96330321 -0.60022718
v 1.74988818 1.96469629 -0.60060281
v 1.75120127 1.96330321 -0.60022718
v 1.75251436 1.96191275 -0.60061270
v 1.75521052 1.96452367 -0.60060346
v 1.75120127 1.96330321 -0.60022718
v 1.75521052 1.96452367 -0.60060346
v 1.75386024 1.96587777 -0.60021740
v 1.75251436 1.96191275 -0.60061270
v 1.75362754 1.96073675 -0.60170072
v 1.75635529 1.96337879 -0.60169196
v 1.75251436 1.96191275 -0.60061270
v 1.75635529 1.96337879 -0.60169196
v 1.75521052 1.96452367 -0.60060346
v 1.75362754 1.96073675 -0.60170072
v 1.75437140 1.95995414 -0.60332566
v 1.75712013 1.96261740 -0.60331720
v 1.75362754 1.96073675 -0.60170072
v 1.75712013 1.96261740 -0.60331720
v 1.75635529 1.96337879 -0.60169196
v 1.75437140 1.95995414 -0.60332566
v 1.75463259 1.95968413 -0.60524005
v 1.75738871 1.96235549 -0.60523170
v 1.75437140 1.95995414 -0.60332566
v 1.75738871 1.96235549 -0.60523170
v 1.75712013 1.96261740 -0.60331720
v 1.75463259 1.95968413 -0.60524005
v 1.75437140 1.95996773 -0.60715246
v 1.75712013 1.96263289 -0.60714400
v 1.75463259 1.95968413 -0.60524005
v 1.75712013 1.96263289 -0.60714400
v 1.75738871 1.96235549 -0.60523170
v 1.75437140 1.95996773 -0.60715246
v 1.75362754 1.96076190 -0.60877174
v 1.75635529 1.96340740 -0.60876298
v 1.75437140 1.95996773 -0.60715246
v 1.75635529 1.96340740 -0.60876298
v 1.75712013 1.96263289 -0.60714400
v 1.75362754 1.96076190 -0.60877174
v 1.75251436 1.96194553 -0.60985142
v 1.75521052 1.96456099 -0.60984218
v 1.75362754 1.96076190 -0.60877174
v 1.75521052 1.96456099 -0.60984218
v 1.75635529 1.96340740 -0.60876298
v 1.75251436 1.96194553 -0.60985142
v 1.75120127 1.96333861 -0.61022711
v 1.75386024 1.96591818 -0.61021733
v 1.75251436 1.96194553 -0.60985142
v 1.75386024 1.96591818 -0.61021733
v 1.75521052 1.96456099 -0.60984218
v 1.75120127 1.96333861 -0.61022711
v 1.74988818 1.96472907 -0.60984159
v 1.75250995 1.96727228 -0.60983121
v 1.75120127 1.96333861 -0.61022711
v 1.75250995 1.96727228 -0.60983121
v 1.75386024 1.96591818 -0.61021733
v 1.74988818 1.96472907 -0.60984159
v 1.74877501 1.96590507 -0.60875356
v 1.75136518 1.96841717 -0.60874271
v 1.74988818 1.96472907 -0.60984159
v 1.75136518 1.96841717 -0.60874271
v 1.75250995 1.96727228 -0.60983121
v 1.74877501 1.96590507 -0.60875356
v 1.74803114 1.96668768 -0.60712862
v 1.75060034 1.96917856 -0.60711753
v 1.74877501 1.96590507 -0.60875356
v 1.75060034 1.96917856 -0.60711753
v 1.75136518 1.96841717 -0.60874271
v 1.74803114 1.96668768 -0.60712862
v 1.74776995 1.96695769 -0.60521424
v 1.75033164 1.96944046 -0.60520303
v 1.74803114 1.96668768 -0.60712862
v 1.75033164 1.96944046 -0.60520303
v 1.75060034 1.96917856 -0.60711753
v 1.74776995 1.96695769 -0.60521424
v 1.74803114 1.96667409 -0.60330182
v 1.75060034 1.96916306 -0.60329068
v 1.74776995 1.96695769 -0.60521424
v 1.75060034 1.96916306 -0.60329068
v 1.75033164 1.96944046 -0.60520303
v 1.74803114 1.96667409 -0.60330182
v 1.74877501 1.96587992 -0.60168248
v 1.75136518 1.96838856 -0.60167170
v 1.74803114 1.96667409 -0.60330182
v 1.75136518 1.96838856 -0.60167170
v 1.75060034 1.96916306 -0.60329068
v 1.74877501 1.96587992 -0.60168248
v 1.74988818 1.96469629 -0.60060281
v 1.75250995 1.96723497 -0.60059249
v 1.74877501 1.96587992 -0.60168248
v 1.75250995 1.96723497 -0.60059249
v 1.75136518 1.96838856 -0.60167170
v 1.74988818 1.96469629 -0.60060281
v 1.75120127 1.96330321 -0.60022718
v 1.75386024 1.96587777 -0.60021740
v 1.74988818 1.96469629 -0.60060281
v 1.75386024 1.96587777 -0.60021740
v 1.75250995 1.96723497 -0.60059249
v 1.75386024 1.96587777 -0.60021740
v 1.75521052 1.96452367 -0.60060346
v 1.75783980 1.96721268 -0.60059261
v 1.75386024 1.96587777 -0.60021740
v 1.75783980 1.96721268 -0.60059261
v 1.75645268 1.96852887 -0.60020602
v 1.75521052 1.96452367 -0.60060346
v 1.75635529 1.96337879 -0.60169196
v 1.75901580 1.96610034 -0.60168153
v 1.75521052 1.96452367 -0.60060346
v 1.75901580 1.96610034 -0.60168153
v 1.75783980 1.96721268 -0.60059261
v 1.75635529 1.96337879 -0.60169196
v 1.75712013 1.96261740 -0.60331720
v 1.75980163 1.96536112 -0.60330701
v 1.75635529 1.96337879 -0.60169196
v 1.75980163 1.96536112 -0.60330701
v 1.75901580 1.96610034 -0.60168153
v 1.75712013 1.96261740 -0.60331720
v 1.75738871 1.96235549 -0.60523170
v 1.76007760 1.96510768 -0.60522157
v 1.75712013 1.96261740 -0.60331720
v 1.76007760 1.96510768 -0.60522157
v 1.75980163 1.96536112 -0.60330701
v 1.75738871 1.96235549 -0.60523170
v 1.75712013 1.96263289 -0.60714400
v 1.75980163 1.96537852 -0.60713381
v 1.75738871 1.96235549 -0.60523170
v 1.75980163 1.96537852 -0.60713381
v 1.76007760 1.96510768 -0.60522157
v 1.75712013 1.96263289 -0.60714400
v 1.75635529 1.96340740 -0.60876298
v 1.75901580 1.96613240 -0.60875249
v 1.75712013 1.96263289 -0.60714400
v 1.75901580 1.96613240 -0.60875249
v 1.75980163 1.96537852 -0.60713381
v 1.75635529 1.96340740 -0.60876298
v 1.75521052 1.96456099 -0.60984218
v 1.75783980 1.96725452 -0.60983127
v 1.75635529 1.96340740 -0.60876298
v 1.75783980 1.96725452 -0.60983127
v 1.75901580 1.96613240 -0.60875249
v 1.75521052 1.96456099 -0.60984218
v 1.75386024 1.96591818 -0.61021733
v 1.75645268 1.96857417 -0.61020589
v 1.75521052 1.96456099 -0.60984218
v 1.75645268 1.96857417 -0.61020589
v 1.75783980 1.96725452 -0.60983127
v 1.75386024 1.96591818 -0.61021733
v 1.75250995 1.96727228 -0.60983121
v 1.75506544 1.96989036 -0.60981935
v 1.75386024 1.96591818 -0.61021733
v 1.75506544 1.96989036 -0.60981935
v 1.75645268 1.96857417 -0.61020589
v 1.75250995 1.96727228 -0.60983121
v 1.75136518 1.96841717 -0.60874271
v 1.75388944 1.97100270 -0.60873044
v 1.75250995 1.96727228 -0.60983121
v 1.75388944 1.97100270 -0.60873044
v 1.75506544 1.96989036 -0.60981935
v 1.75136518 1.96841717 -0.60874271
v 1.75060034 1.96917856 -0.60711753
v 1.75310373 1.97174180 -0.60710496
v 1.75136518 1.96841717 -0.60874271
v 1.75310373 1.97174180 -0.60710496
v 1.75388944 1.97100270 -0.60873044
v 1.75060034 1.96917856 -0.60711753
v 1.75033164 1.96944046 -0.60520303
v 1.75282776 1.97199523 -0.60519034
v 1.75060034 1.96917856 -0.60711753
v 1.75282776 1.97199523 -0.60519034
v 1.75310373 1.97174180 -0.60710496
v 1.75033164 1.96944046 -0.60520303
v 1.75060034 1.96916306 -0.60329068
v 1.75310373 1.97172451 -0.60327816
v 1.75033164 1.96944046 -0.60520303
v 1.75310373 1.97172451 -0.60327816
v 1.75282776 1.97199523 -0.60519034
v 1.75060034 1.96916306 -0.60329068
v 1.75136518 1.96838856 -0.60167170
v 1.75388944 1.97097063 -0.60165942
v 1.75060034 1.96916306 -0.60329068
v 1.75388944 1.97097063 -0.60165942
v 1.75310373 1.97172451 -0.60327816
v 1.75136518 1.96838856 -0.60167170
v 1.75250995 1.96723497 -0.60059249
v 1.75506544 1.96984839 -0.60058063
v 1.75136518 1.96838856 -0.60167170
v 1.75506544 1.96984839 -0.60058063
v 1.75388944 1.97097063 -0.60165942
v 1.75250995 1.96723497 -0.60059249
v 1.75386024 1.96587777 -0.60021740
v 1.75645268 1.96852887 -0.60020602
v 1.75250995 1.96723497 -0.60059249
v 1.75645268 1.96852887 -0.60020602
v 1.75506544 1.96984839 -0.60058063
v 1.75645268 1.96852887 -0.60020602
v 1.75783980 1.96721268 -0.60059261
v 1.76040077 1.96998239 -0.60057998
v 1.75645268 1.96852887 -0.60020602
v 1.76040077 1.96998239 -0.60057998
v 1.75897682 1.97125840 -0.60019302
v 1.75783980 1.96721268 -0.60059261
v 1.75901580 1.96610034 -0.60168153
v 1.76160800 1.96890438 -0.60166925
v 1.75783980 1.96721268 -0.60059261
v 1.76160800 1.96890438 -0.60166925
v 1.76040077 1.96998239 -0.60057998
v 1.75901580 1.96610034 -0.60168153
v 1.75980163 1.96536112 -0.60330701
v 1.76241457 1.96818852 -0.60329497
v 1.75901580 1.96610034 -0.60168153
v 1.76241457 1.96818852 -0.60329497
v 1.76160800 1.96890438 -0.60166925
v 1.75980163 1.96536112 -0.60330701
v 1.76007760 1.96510768 -0.60522157
v 1.76269794 1.96794391 -0.60520965
v 1.75980163 1.96536112 -0.60330701
v 1.76269794 1.96794391 -0.60520965
v 1.76241457 1.96818852 -0.60329497
v 1.76007760 1.96510768 -0.60522157
v 1.75980163 1.96537852 -0.60713381
v 1.76241457 1.96820772 -0.60712177
v 1.76007760 1.96510768 -0.60522157
v 1.76241457 1.96820772 -0.60712177
v 1.76269794 1.96794391 -0.60520965
v 1.75980163 1.96537852 -0.60713381
v 1.75901580 1.96613240 -0.60875249
v 1.76160800 1.96893978 -0.60874027
v 1.75980163 1.96537852 -0.60713381
v 1.76160800 1.96893978 -0.60874027
v 1.76241457 1.96820772 -0.60712177
v 1.75901580 1.96613240 -0.60875249
v 1.75783980 1.96725452 -0.60983127
v 1.76040077 1.97002864 -0.60981870
v 1.75901580 1.96613240 -0.60875249
v 1.76040077 1.97002864 -0.60981870
v 1.76160800 1.96893978 -0.60874027
v 1.75783980 1.96725452 -0.60983127
v 1.75645268 1.96857417 -0.61020589
v 1.75897682 1.97130847 -0.61019289
v 1.75783980 1.96725452 -0.60983127
v 1.75897682 1.97130847 -0.61019289
v 1.76040077 1.97002864 -0.60981870
v 1.75645268 1.96857417 -0.61020589
v 1.75506544 1.96989036 -0.60981935
v 1.75755274 1.97258461 -0.60980588
v 1.75645268 1.96857417 -0.61020589
v 1.75755274 1.97258461 -0.60980588
v 1.75897682 1.97130847 -0.61019289
v 1.75506544 1.96989036 -0.60981935
v 1.75388944 1.97100270 -0.60873044
v 1.75634551 1.97366261 -0.60871661
v 1.75506544 1.96989036 -0.60981935
v 1.75634551 1.97366261 -0.60871661
v 1.75755274 1.97258461 -0.60980588
v 1.75388944 1.97100270 -0.60873044
v 1.75310373 1.97174180 -0.60710496
v 1.75553894 1.97437847 -0.60709089
v 1.75388944 1.97100270 -0.60873044
v 1.75553894 1.97437847 -0.60709089
v 1.75634551 1.97366261 -0.60871661
v 1.75310373 1.97174180 -0.60710496
v 1.75282776 1.97199523 -0.60519034
v 1.75525558 1.97462308 -0.60517621
v 1.75310373 1.97174180 -0.60710496
v 1.75525558 1.97462308 -0.60517621
v 1.75553894 1.97437847 -0.60709089
v 1.75282776 1.97199523 -0.60519034
v 1.75310373 1.97172451 -0.60327816
v 1.75553894 1.97435927 -0.60326409
v 1.75282776 1.97199523 -0.60519034
v 1.75553894 1.97435927 -0.60326409
v 1.75525558 1.97462308 -0.60517621
v 1.75310373 1.97172451 -0.60327816
v 1.75388944 1.97097063 -0.60165942
v 1.75634551 1.97362721 -0.60164565
v 1.75310373 1.97172451 -0.60327816
v 1.75634551 1.97362721 -0.60164565
v 1.75553894 1.97435927 -0.60326409
v 1.75388944 1.97097063 -0.60165942
v 1.75506544 1.96984839 -0.60058063
v 1.75755274 1.97253835 -0.60056722
v 1.75388944 1.97097063 -0.60165942
v 1.75755274 1.97253835 -0.60056722
v 1.75634551 1.97362721 -0.60164565
v 1.75506544 1.96984839 -0.60058063
v 1.75645268 1.96852887 -0.60020602
v 1.75897682 1.97125840 -0.60019302
v 1.75506544 1.96984839 -0.60058063
v 1.75897682 1.97125840 -0.60019302
v 1.75755274 1.97253835 -0.60056722
v 1.75897682 1.97125840 -0.60019302
v 1.76040077 1.96998239 -0.60057998
v 1.76289093 1.97283638 -0.60056561
v 1.75897682 1.97125840 -0.60019302
v 1.76289093 1.97283638 -0.60056561
v 1.76142979 1.97406971 -0.60017830
v 1.76040077 1.96998239 -0.60057998
v 1.76160800 1.96890438 -0.60166925
v 1.76412952 1.97179496 -0.60165519
v 1.76040077 1.96998239 -0.60057998
v 1.76412952 1.97179496 -0.60165519
v 1.76289093 1.97283638 -0.60056561
v 1.76160800 1.96890438 -0.60166925
v 1.76241457 1.96818852 -0.60329497
v 1.76495719 1.97110391 -0.60328114
v 1.76160800 1.96890438 -0.60166925
v 1.76495719 1.97110391 -0.60328114
v 1.76412952 1.97179496 -0.60165519
v 1.76241457 1.96818852 -0.60329497
v 1.76269794 1.96794391 -0.60520965
v 1.76524782 1.97086871 -0.60519588
v 1.76241457 1.96818852 -0.60329497
v 1.76524782 1.97086871 -0.60519588
v 1.76495719 1.97110391 -0.60328114
v 1.76269794 1.96794391 -0.60520965
v 1.76241457 1.96820772 -0.60712177
v 1.76495719 1.97112489 -0.60710794
v 1.76269794 1.96794391 -0.60520965
v 1.76495719 1.97112489 -0.60710794
v 1.76524782 1.97086871 -0.60519588
v 1.76241457 1.96820772 -0.60712177
v 1.76160800 1.96893978 -0.60874027
v 1.76412952 1.97183359 -0.60872620
v 1.76241457 1.96820772 -0.60712177
v 1.76412952 1.97183359 -0.60872620
v 1.76495719 1.97112489 -0.60710794
v 1.76160800 1.96893978 -0.60874027
v 1.76040077 1.97002864 -0.60981870
v 1.76289093 1.97288692 -0.60980427
v 1.76160800 1.96893978 -0.60874027
v 1.76289093 1.97288692 -0.60980427
v 1.76412952 1.97183359 -0.60872620
v 1.76040077 1.97002864 -0.60981870
v 1.75897682 1.97130847 -0.61019289
v 1.76142979 1.97412443 -0.61017811
v 1.76040077 1.97002864 -0.60981870
v 1.76142979 1.97412443 -0.61017811
v 1.76289093 1.97288692 -0.60980427
v 1.75897682 1.97130847 -0.61019289
v 1.75755274 1.97258461 -0.60980588
v 1.75996876 1.97535789 -0.60979074
v 1.75897682 1.97130847 -0.61019289
v 1.75996876 1.97535789 -0.60979074
v 1.76142979 1.97412443 -0.61017811
v 1.75755274 1.97258461 -0.60980588
v 1.75634551 1.97366261 -0.60871661
v 1.75873017 1.97639930 -0.60870117
v 1.75755274 1.97258461 -0.60980588
v 1.75873017 1.97639930 -0.60870117
v 1.75996876 1.97535789 -0.60979074
v 1.75634551 1.97366261 -0.60871661
v 1.75553894 1.97437847 -0.60709089
v 1.75790250 1.97709024 -0.60707527
v 1.75634551 1.97366261 -0.60871661
v 1.75790250 1.97709024 -0.60707527
v 1.75873017 1.97639930 -0.60870117
v 1.75553894 1.97437847 -0.60709089
v 1.75525558 1.97462308 -0.60517621
v 1.75761187 1.97732556 -0.60516053
v 1.75553894 1.97437847 -0.60709089
v 1.75761187 1.97732556 -0.60516053
v 1.75790250 1.97709024 -0.60707527
v 1.75525558 1.97462308 -0.60517621
v 1.75553894 1.97435927 -0.60326409
v 1.75790250 1.97706938 -0.60324848
v 1.75525558 1.97462308 -0.60517621
v 1.75790250 1.97706938 -0.60324848
v 1.75761187 1.97732556 -0.60516053
v 1.75553894 1.97435927 -0.60326409
v 1.75634551 1.97362721 -0.60164565
v 1.75873017 1.97636068 -0.60163021
v 1.75553894 1.97435927 -0.60326409
v 1.75873017 1.97636068 -0.60163021
v 1.75790250 1.97706938 -0.60324848
v 1.75634551 1.97362721 -0.60164565
v 1.75755274 1.97253835 -0.60056722
v 1.75996876 1.97530735 -0.60055208
v 1.75634551 1.97362721 -0.60164565
v 1.75996876 1.97530735 -0.60055208
v 1.75873017 1.97636068 -0.60163021
v 1.75755274 1.97253835 -0.60056722
v 1.75897682 1.97125840 -0.60019302
v 1.76142979 1.97406971 -0.60017830
v 1.75755274 1.97253835 -0.60056722
v 1.76142979 1.97406971 -0.60017830
v 1.75996876 1.97530735 -0.60055208
v 1.76142979 1.97406971 -0.60017830
v 1.76289093 1.97283638 -0.60056561
v 1.76530671 1.97577977 -0.60054940
v 1.76142979 1.97406971 -0.60017830
v 1.76530671 1.97577977 -0.60054940
v 1.76380801 1.97696710 -0.60016173
v 1.76289093 1.97283638 -0.60056561
v 1.76412952 1.97179496 -0.60165519
v 1.76657736 1.97477782 -0.60163927
v 1.76289093 1.97283638 -0.60056561
v 1.76657736 1.97477782 -0.60163927
v 1.76530671 1.97577977 -0.60054940
v 1.76412952 1.97179496 -0.60165519
v 1.76495719 1.97110391 -0.60328114
v 1.76742625 1.97411370 -0.60326535
v 1.76412952 1.97179496 -0.60165519
v 1.76742625 1.97411370 -0.60326535
v 1.76657736 1.97477782 -0.60163927
v 1.76495719 1.97110391 -0.60328114
v 1.76524782 1.97086871 -0.60519588
v 1.76772439 1.97388840 -0.60518014
v 1.76495719 1.97110391 -0.60328114
v 1.76772439 1.97388840 -0.60518014
v 1.76742625 1.97411370 -0.60326535
v 1.76524782 1.97086871 -0.60519588
v 1.76495719 1.97112489 -0.60710794
v 1.76742625 1.97413647 -0.60709208
v 1.76524782 1.97086871 -0.60519588
v 1.76742625 1.97413647 -0.60709208
v 1.76772439 1.97388840 -0.60518014
v 1.76495719 1.97112489 -0.60710794
v 1.76412952 1.97183359 -0.60872620
v 1.76657736 1.97481990 -0.60871017
v 1.76495719 1.97112489 -0.60710794
v 1.76657736 1.97481990 -0.60871017
v 1.76742625 1.97413647 -0.60709208
v 1.76412952 1.97183359 -0.60872620
v 1.76289093 1.97288692 -0.60980427
v 1.76530671 1.97583473 -0.60978806
v 1.76412952 1.97183359 -0.60872620
v 1.76530671 1.97583473 -0.60978806
v 1.76657736 1.97481990 -0.60871017
v 1.76289093 1.97288692 -0.60980427
v 1.76142979 1.97412443 -0.61017811
v 1.76380801 1.97702646 -0.61016154
v 1.76289093 1.97288692 -0.60980427
v 1.76380801 1.97702646 -0.61016154
v 1.76530671 1.97583473 -0.60978806
v 1.76142979 1.97412443 -0.61017811
v 1.75996876 1.97535789 -0.60979074
v 1.76230931 1.97821367 -0.60977393
v 1.76142979 1.97412443 -0.61017811
v 1.76230931 1.97821367 -0.60977393
v 1.76380801 1.97702646 -0.61016154
v 1.75996876 1.97535789 -0.60979074
v 1.75873017 1.97639930 -0.60870117
v 1.76103878 1.97921574 -0.60868406
v 1.75996876 1.97535789 -0.60979074
v 1.76103878 1.97921574 -0.60868406
v 1.76230931 1.97821367 -0.60977393
v 1.75873017 1.97639930 -0.60870117
v 1.75790250 1.97709024 -0.60707527
v 1.76018977 1.97987986 -0.60705799
v 1.75873017 1.97639930 -0.60870117
v 1.76018977 1.97987986 -0.60705799
v 1.76103878 1.97921574 -0.60868406
v 1.75790250 1.97709024 -0.60707527
v 1.75761187 1.97732556 -0.60516053
v 1.75989163 1.98010504 -0.60514319
v 1.75790250 1.97709024 -0.60707527
v 1.75989163 1.98010504 -0.60514319
v 1.76018977 1.97987986 -0.60705799
v 1.75761187 1.97732556 -0.60516053
v 1.75790250 1.97706938 -0.60324848
v 1.76018977 1.97985709 -0.60323119
v 1.75761187 1.97732556 -0.60516053
v 1.76018977 1.97985709 -0.60323119
v 1.75989163 1.98010504 -0.60514319
v 1.75790250 1.97706938 -0.60324848
v 1.75873017 1.97636068 -0.60163021
v 1.76103878 1.97917366 -0.60161310
v 1.75790250 1.97706938 -0.60324848
v 1.76103878 1.97917366 -0.60161310
v 1.76018977 1.97985709 -0.60323119
v 1.75873017 1.97636068 -0.60163021
v 1.75996876 1.97530735 -0.60055208
v 1.76230931 1.97815883 -0.60053527
v 1.75873017 1.97636068 -0.60163021
v 1.76230931 1.97815883 -0.60053527
v 1.76103878 1.97917366 -0.60161310
v 1.75996876 1.97530735 -0.60055208
v 1.76142979 1.97406971 -0.60017830
v 1.76380801 1.97696710 -0.60016173
v 1.75996876 1.97530735 -0.60055208
v 1.76380801 1.97696710 -0.60016173
v 1.76230931 1.97815883 -0.60053527
v 1.76380801 1.97696710 -0.60016173
v 1.76530671 1.97577977 -0.60054940
v 1.76764345 1.97882009 -0.60053122
v 1.76380801 1.97696710 -0.60016173
v 1.76764345 1.97882009 -0.60053122
v 1.76610589 1.97995651 -0.60014331
v 1.76530671 1.97577977 -0.60054940
v 1.76657736 1.97477782 -0.60163927
v 1.76894689 1.97786140 -0.60162121
v 1.76530671 1.97577977 -0.60054940
v 1.76894689 1.97786140 -0.60162121
v 1.76764345 1.97882009 -0.60053122
v 1.76657736 1.97477782 -0.60163927
v 1.76742625 1.97411370 -0.60326535
v 1.76981783 1.97722673 -0.60324746
v 1.76657736 1.97477782 -0.60163927
v 1.76981783 1.97722673 -0.60324746
v 1.76894689 1.97786140 -0.60162121
v 1.76742625 1.97411370 -0.60326535
v 1.76772439 1.97388840 -0.60518014
v 1.77012360 1.97701240 -0.60516232
v 1.76742625 1.97411370 -0.60326535
v 1.77012360 1.97701240 -0.60516232
v 1.76981783 1.97722673 -0.60324746
v 1.76772439 1.97388840 -0.60518014
v 1.76742625 1.97413647 -0.60709208
v 1.76981783 1.97725129 -0.60707420
v 1.76772439 1.97388840 -0.60518014
v 1.76981783 1.97725129 -0.60707420
v 1.77012360 1.97701240 -0.60516232
v 1.76742625 1.97413647 -0.60709208
v 1.76657736 1.97481990 -0.60871017
v 1.76894689 1.97790682 -0.60869217
v 1.76742625 1.97413647 -0.60709208
v 1.76894689 1.97790682 -0.60869217
v 1.76981783 1.97725129 -0.60707420
v 1.76657736 1.97481990 -0.60871017
v 1.76530671 1.97583473 -0.60978806
v 1.76764345 1.97887933 -0.60976982
v 1.76657736 1.97481990 -0.60871017
v 1.76764345 1.97887933 -0.60976982
v 1.76894689 1.97790682 -0.60869217
v 1.76530671 1.97583473 -0.60978806
v 1.76380801 1.97702646 -0.61016154
v 1.76610589 1.98002076 -0.61014307
v 1.76530671 1.97583473 -0.60978806
v 1.76610589 1.98002076 -0.61014307
v 1.76764345 1.97887933 -0.60976982
v 1.76380801 1.97702646 -0.61016154
v 1.76230931 1.97821367 -0.60977393
v 1.76456845 1.98115730 -0.60975516
v 1.76380801 1.97702646 -0.61016154
v 1.76456845 1.98115730 -0.60975516
v 1.76610589 1.98002076 -0.61014307
v 1.76230931 1.97821367 -0.60977393
v 1.76103878 1.97921574 -0.60868406
v 1.76326501 1.98211586 -0.60866517
v 1.76230931 1.97821367 -0.60977393
v 1.76326501 1.98211586 -0.60866517
v 1.76456845 1.98115730 -0.60975516
v 1.76103878 1.97921574 -0.60868406
v 1.76018977 1.97987986 -0.60705799
v 1.76239407 1.98275065 -0.60703892
v 1.76103878 1.97921574 -0.60868406
v 1.76239407 1.98275065 -0.60703892
v 1.76326501 1.98211586 -0.60866517
v 1.76018977 1.97987986 -0.60705799
v 1.75989163 1.98010504 -0.60514319
v 1.76208830 1.98296487 -0.60512412
v 1.76018977 1.97987986 -0.60705799
v 1.76208830 1.98296487 -0.60512412
v 1.76239407 1.98275065 -0.60703892
v 1.75989163 1.98010504 -0.60514319
v 1.76018977 1.97985709 -0.60323119
v 1.76239407 1.98272598 -0.60321218
v 1.75989163 1.98010504 -0.60514319
v 1.76239407 1.98272598 -0.60321218
v 1.76208830 1.98296487 -0.60512412
v 1.76018977 1.97985709 -0.60323119
v 1.76103878 1.97917366 -0.60161310
v 1.76326501 1.98207045 -0.60159421
v 1.76018977 1.97985709 -0.60323119
v 1.76326501 1.98207045 -0.60159421
v 1.76239407 1.98272598 -0.60321218
v 1.76103878 1.97917366 -0.60161310
v 1.76230931 1.97815883 -0.60053527
v 1.76456845 1.98109794 -0.60051656
v 1.76103878 1.97917366 -0.60161310
v 1.76456845 1.98109794 -0.60051656
v 1.76326501 1.98207045 -0.60159421
v 1.76230931 1.97815883 -0.60053527
v 1.76380801 1.97696710 -0.60016173
v 1.76610589 1.97995651 -0.60014331
v 1.76230931 1.97815883 -0.60053527
v 1.76610589 1.97995651 -0.60014331
v 1.76456845 1.98109794 -0.60051656
v 1.76610589 1.97995651 -0.60014331
v 1.76764345 1.97882009 -0.60053122
v 1.76989388 1.98196769 -0.60051078
v 1.76610589 1.97995651 -0.60014331
v 1.76989388 1.98196769 -0.60051078
v 1.76831579 1.98304713 -0.60012275
v 1.76764345 1.97882009 -0.60053122
v 1.76894689 1.97786140 -0.60162121
v 1.77123165 1.98105788 -0.60160100
v 1.76764345 1.97882009 -0.60053122
v 1.77123165 1.98105788 -0.60160100
v 1.76989388 1.98196769 -0.60051078
v 1.76894689 1.97786140 -0.60162121
v 1.76981783 1.97722673 -0.60324746
v 1.77212548 1.98045611 -0.60322732
v 1.76894689 1.97786140 -0.60162121
v 1.77212548 1.98045611 -0.60322732
v 1.77123165 1.98105788 -0.60160100
v 1.76981783 1.97722673 -0.60324746
v 1.77012360 1.97701240 -0.60516232
v 1.77243948 1.98025405 -0.60514218
v 1.76981783 1.97722673 -0.60324746
v 1.77243948 1.98025405 -0.60514218
v 1.77212548 1.98045611 -0.60322732
v 1.77012360 1.97701240 -0.60516232
v 1.76981783 1.97725129 -0.60707420
v 1.77212548 1.98048258 -0.60705405
v 1.77012360 1.97701240 -0.60516232
v 1.77212548 1.98048258 -0.60705405
v 1.77243948 1.98025405 -0.60514218
v 1.76981783 1.97725129 -0.60707420
v 1.76894689 1.97790682 -0.60869217
v 1.77123165 1.98110676 -0.60867190
v 1.76981783 1.97725129 -0.60707420
v 1.77123165 1.98110676 -0.60867190
v 1.77212548 1.98048258 -0.60705405
v 1.76894689 1.97790682 -0.60869217
v 1.76764345 1.97887933 -0.60976982
v 1.76989388 1.98203158 -0.60974938
v 1.76894689 1.97790682 -0.60869217
v 1.76989388 1.98203158 -0.60974938
v 1.77123165 1.98110676 -0.60867190
v 1.76764345 1.97887933 -0.60976982
v 1.76610589 1.98002076 -0.61014307
v 1.76831579 1.98311627 -0.61012250
v 1.76764345 1.97887933 -0.60976982
v 1.76831579 1.98311627 -0.61012250
v 1.76989388 1.98203158 -0.60974938
v 1.76610589 1.98002076 -0.61014307
v 1.76456845 1.98115730 -0.60975516
v 1.76673782 1.98419571 -0.60973442
v 1.76610589 1.98002076 -0.61014307
v 1.76673782 1.98419571 -0.60973442
v 1.76831579 1.98311627 -0.61012250
v 1.76456845 1.98115730 -0.60975516
v 1.76326501 1.98211586 -0.60866517
v 1.76539993 1.98510551 -0.60864425
v 1.76456845 1.98115730 -0.60975516
v 1.76539993 1.98510551 -0.60864425
v 1.76673782 1.98419571 -0.60973442
v 1.76326501 1.98211586 -0.60866517
v 1.76239407 1.98275065 -0.60703892
v 1.76450610 1.98570728 -0.60701793
v 1.76326501 1.98211586 -0.60866517
v 1.76450610 1.98570728 -0.60701793
v 1.76539993 1.98510551 -0.60864425
v 1.76239407 1.98275065 -0.60703892
v 1.76208830 1.98296487 -0.60512412
v 1.76419222 1.98590934 -0.60510308
v 1.76239407 1.98275065 -0.60703892
v 1.76419222 1.98590934 -0.60510308
v 1.76450610 1.98570728 -0.60701793
v 1.76208830 1.98296487 -0.60512412
v 1.76239407 1.98272598 -0.60321218
v 1.76450610 1.98568082 -0.60319120
v 1.76208830 1.98296487 -0.60512412
v 1.76450610 1.98568082 -0.60319120
v 1.76419222 1.98590934 -0.60510308
v 1.76239407 1.98272598 -0.60321218
v 1.76326501 1.98207045 -0.60159421
v 1.76539993 1.98505664 -0.60157335
v 1.76239407 1.98272598 -0.60321218
v 1.76539993 1.98505664 -0.60157335
v 1.76450610 1.98568082 -0.60319120
v 1.76326501 1.98207045 -0.60159421
v 1.76456845 1.98109794 -0.60051656
v 1.76673782 1.98413181 -0.60049582
v 1.76326501 1.98207045 -0.60159421
v 1.76673782 1.98413181 -0.60049582
v 1.76539993 1.98505664 -0.60157335
v 1.76456845 1.98109794 -0.60051656
v 1.76610589 1.97995651 -0.60014331
v 1.76831579 1.98304713 -0.60012275
v 1.76456845 1.98109794 -0.60051656
v 1.76831579 1.98304713 -0.60012275
v 1.76673782 1.98413181 -0.60049582
v 1.76831579 1.98304713 -0.60012275
v 1.76989388 1.98196769 -0.60051078
v 1.77204764 1.98523843 -0.60048795
v 1.76831579 1.98304713 -0.60012275
v 1.77204764 1.98523843 -0.60048795
v 1.77042627 1.98625171 -0.60009974
v 1.76989388 1.98196769 -0.60051078
v 1.77123165 1.98105788 -0.60160100
v 1.77342212 1.98438501 -0.60157818
v 1.76989388 1.98196769 -0.60051078
v 1.77342212 1.98438501 -0.60157818
v 1.77204764 1.98523843 -0.60048795
v 1.77123165 1.98105788 -0.60160100
v 1.77212548 1.98045611 -0.60322732
v 1.77434051 1.98382151 -0.60320455
v 1.77123165 1.98105788 -0.60160100
v 1.77434051 1.98382151 -0.60320455
v 1.77342212 1.98438501 -0.60157818
v 1.77212548 1.98045611 -0.60322732
v 1.77243948 1.98025405 -0.60514218
v 1.77466297 1.98363364 -0.60511941
v 1.77212548 1.98045611 -0.60322732
v 1.77466297 1.98363364 -0.60511941
v 1.77434051 1.98382151 -0.60320455
v 1.77243948 1.98025405 -0.60514218
v 1.77212548 1.98048258 -0.60705405
v 1.77434051 1.98385000 -0.60703129
v 1.77243948 1.98025405 -0.60514218
v 1.77434051 1.98385000 -0.60703129
v 1.77466297 1.98363364 -0.60511941
v 1.77212548 1.98048258 -0.60705405
v 1.77123165 1.98110676 -0.60867190
v 1.77342212 1.98443770 -0.60864902
v 1.77212548 1.98048258 -0.60705405
v 1.77342212 1.98443770 -0.60864902
v 1.77434051 1.98385000 -0.60703129
v 1.77123165 1.98110676 -0.60867190
v 1.76989388 1.98203158 -0.60974938
v 1.77204764 1.98530722 -0.60972649
v 1.77123165 1.98110676 -0.60867190
v 1.77204764 1.98530722 -0.60972649
v 1.77342212 1.98443770 -0.60864902
v 1.76989388 1.98203158 -0.60974938
v 1.76831579 1.98311627 -0.61012250
v 1.77042627 1.98632610 -0.61009949
v 1.76989388 1.98203158 -0.60974938
v 1.77042627 1.98632610 -0.61009949
v 1.77204764 1.98530722 -0.60972649
v 1.76831579 1.98311627 -0.61012250
v 1.76673782 1.98419571 -0.60973442
v 1.76880503 1.98733938 -0.60971135
v 1.76831579 1.98311627 -0.61012250
v 1.76880503 1.98733938 -0.60971135
v 1.77042627 1.98632610 -0.61009949
v 1.76673782 1.98419571 -0.60973442
v 1.76539993 1.98510551 -0.60864425
v 1.76743054 1.98819280 -0.60862106
v 1.76673782 1.98419571 -0.60973442
v 1.76743054 1.98819280 -0.60862106
v 1.76880503 1.98733938 -0.60971135
v 1.76539993 1.98510551 -0.60864425
v 1.76450610 1.98570728 -0.60701793
v 1.76651216 1.98875630 -0.60699475
v 1.76539993 1.98510551 -0.60864425
v 1.76651216 1.98875630 -0.60699475
v 1.76743054 1.98819280 -0.60862106
v 1.76450610 1.98570728 -0.60701793
v 1.76419222 1.98590934 -0.60510308
v 1.76618969 1.98894417 -0.60507983
v 1.76450610 1.98570728 -0.60701793
v 1.76618969 1.98894417 -0.60507983
v 1.76651216 1.98875630 -0.60699475
v 1.76419222 1.98590934 -0.60510308
v 1.76450610 1.98568082 -0.60319120
v 1.76651216 1.98872781 -0.60316801
v 1.76419222 1.98590934 -0.60510308
v 1.76651216 1.98872781 -0.60316801
v 1.76618969 1.98894417 -0.60507983
v 1.76450610 1.98568082 -0.60319120
v 1.76539993 1.98505664 -0.60157335
v 1.76743054 1.98814011 -0.60155022
v 1.76450610 1.98568082 -0.60319120
v 1.76743054 1.98814011 -0.60155022
v 1.76651216 1.98872781 -0.60316801
v 1.76539993 1.98505664 -0.60157335
v 1.76673782 1.98413181 -0.60049582
v 1.76880503 1.98727059 -0.60047281
v 1.76539993 1.98505664 -0.60157335
v 1.76880503 1.98727059 -0.60047281
v 1.76743054 1.98814011 -0.60155022
v 1.76673782 1.98413181 -0.60049582
v 1.76831579 1.98304713 -0.60012275
v 1.77042627 1.98625171 -0.60009974
v 1.76673782 1.98413181 -0.60049582
v 1.77042627 1.98625171 -0.60009974
v 1.76880503 1.98727059 -0.60047281
v 1.77042627 1.98625171 -0.60009974
v 1.77204764 1.98523843 -0.60048795
v 1.77408874 1.98865664 -0.60046214
v 1.77042627 1.98625171 -0.60009974
v 1.77408874 1.98865664 -0.60046214
v 1.77242017 1.98958993 -0.60007399
v 1.77204764 1.98523843 -0.60048795
v 1.77342212 1.98438501 -0.60157818
v 1.77550340 1.98787165 -0.60155231
v 1.77204764 1.98523843 -0.60048795
v 1.77550340 1.98787165 -0.60155231
v 1.77408874 1.98865664 -0.60046214
v 1.77342212 1.98438501 -0.60157818
v 1.77434051 1.98382151 -0.60320455
v 1.77644861 1.98735428 -0.60317868
v 1.77342212 1.98438501 -0.60157818
v 1.77644861 1.98735428 -0.60317868
v 1.77550340 1.98787165 -0.60155231
v 1.77434051 1.98382151 -0.60320455
v 1.77466297 1.98363364 -0.60511941
v 1.77678049 1.98718333 -0.60509354
v 1.77434051 1.98382151 -0.60320455
v 1.77678049 1.98718333 -0.60509354
v 1.77644861 1.98735428 -0.60317868
v 1.77466297 1.98363364 -0.60511941
v 1.77434051 1.98385000 -0.60703129
v 1.77644861 1.98738503 -0.60700536
v 1.77466297 1.98363364 -0.60511941
v 1.77644861 1.98738503 -0.60700536
v 1.77678049 1.98718333 -0.60509354
v 1.77434051 1.98385000 -0.60703129
v 1.77342212 1.98443770 -0.60864902
v 1.77550340 1.98792839 -0.60862315
v 1.77434051 1.98385000 -0.60703129
v 1.77550340 1.98792839 -0.60862315
v 1.77644861 1.98738503 -0.60700536
v 1.77342212 1.98443770 -0.60864902
v 1.77204764 1.98530722 -0.60972649
v 1.77408874 1.98873091 -0.60970062
v 1.77342212 1.98443770 -0.60864902
v 1.77408874 1.98873091 -0.60970062
v 1.77550340 1.98792839 -0.60862315
v 1.77204764 1.98530722 -0.60972649
v 1.77042627 1.98632610 -0.61009949
v 1.77242017 1.98967028 -0.61007369
v 1.77204764 1.98530722 -0.60972649
v 1.77242017 1.98967028 -0.61007369
v 1.77408874 1.98873091 -0.60970062
v 1.77042627 1.98632610 -0.61009949
v 1.76880503 1.98733938 -0.60971135
v 1.77075148 1.99060357 -0.60968560
v 1.77042627 1.98632610 -0.61009949
v 1.77075148 1.99060357 -0.60968560
v 1.77242017 1.98967028 -0.61007369
v 1.76880503 1.98733938 -0.60971135
v 1.76743054 1.98819280 -0.60862106
v 1.76933694 1.99138868 -0.60859537
v 1.76880503 1.98733938 -0.60971135
v 1.76933694 1.99138868 -0.60859537
v 1.77075148 1.99060357 -0.60968560
v 1.76743054 1.98819280 -0.60862106
v 1.76651216 1.98875630 -0.60699475
v 1.76839173 1.99190605 -0.60696906
v 1.76743054 1.98819280 -0.60862106
v 1.76839173 1.99190605 -0.60696906
v 1.76933694 1.99138868 -0.60859537
v 1.76651216 1.98875630 -0.60699475
v 1.76618969 1.98894417 -0.60507983
v 1.76805973 1.99207699 -0.60505420
v 1.76651216 1.98875630 -0.60699475
v 1.76805973 1.99207699 -0.60505420
v 1.76839173 1.99190605 -0.60696906
v 1.76618969 1.98894417 -0.60507983
v 1.76651216 1.98872781 -0.60316801
v 1.76839173 1.99187529 -0.60314232
v 1.76618969 1.98894417 -0.60507983
v 1.76839173 1.99187529 -0.60314232
v 1.76805973 1.99207699 -0.60505420
v 1.76651216 1.98872781 -0.60316801
v 1.76743054 1.98814011 -0.60155022
v 1.76933694 1.99133193 -0.60152453
v 1.76651216 1.98872781 -0.60316801
v 1.76933694 1.99133193 -0.60152453
v 1.76839173 1.99187529 -0.60314232
v 1.76743054 1.98814011 -0.60155022
v 1.76880503 1.98727059 -0.60047281
v 1.77075148 1.99052942 -0.60044706
v 1.76743054 1.98814011 -0.60155022
v 1.77075148 1.99052942 -0.60044706
v 1.76933694 1.99133193 -0.60152453
v 1.76880503 1.98727059 -0.60047281
v 1.77042627 1.98625171 -0.60009974
v 1.77242017 1.98958993 -0.60007399
v 1.76880503 1.98727059 -0.60047281
v 1.77242017 1.98958993 -0.60007399
v 1.77075148 1.99052942 -0.60044706
v 1.77242017 1.98958993 -0.60007399
v 1.77408874 1.98865664 -0.60046214
v 1.77599156 1.99226308 -0.60043263
v 1.77242017 1.98958993 -0.60007399
v 1.77599156 1.99226308 -0.60043263
v 1.77426958 1.99309373 -0.60004479
v 1.77408874 1.98865664 -0.60046214
v 1.77550340 1.98787165 -0.60155231
v 1.77745152 1.99156547 -0.60152262
v 1.77408874 1.98865664 -0.60046214
v 1.77745152 1.99156547 -0.60152262
v 1.77599156 1.99226308 -0.60043263
v 1.77550340 1.98787165 -0.60155231
v 1.77644861 1.98735428 -0.60317868
v 1.77842700 1.99110723 -0.60314882
v 1.77550340 1.98787165 -0.60155231
v 1.77842700 1.99110723 -0.60314882
v 1.77745152 1.99156547 -0.60152262
v 1.77644861 1.98735428 -0.60317868
v 1.77678049 1.98718333 -0.60509354
v 1.77876949 1.99095798 -0.60506362
v 1.77644861 1.98735428 -0.60317868
v 1.77876949 1.99095798 -0.60506362
v 1.77842700 1.99110723 -0.60314882
v 1.77678049 1.98718333 -0.60509354
v 1.77644861 1.98738503 -0.60700536
v 1.77842700 1.99114060 -0.60697550
v 1.77678049 1.98718333 -0.60509354
v 1.77842700 1.99114060 -0.60697550
v 1.77876949 1.99095798 -0.60506362
v 1.77644861 1.98738503 -0.60700536
v 1.77550340 1.98792839 -0.60862315
v 1.77745152 1.99162722 -0.60859346
v 1.77644861 1.98738503 -0.60700536
v 1.77745152 1.99162722 -0.60859346
v 1.77842700 1.99114060 -0.60697550
v 1.77550340 1.98792839 -0.60862315
v 1.77408874 1.98873091 -0.60970062
v 1.77599156 1.99234366 -0.60967112
v 1.77550340 1.98792839 -0.60862315
v 1.77599156 1.99234366 -0.60967112
v 1.77745152 1.99162722 -0.60859346
v 1.77408874 1.98873091 -0.60970062
v 1.77242017 1.98967028 -0.61007369
v 1.77426958 1.99318099 -0.61004442
v 1.77408874 1.98873091 -0.60970062
v 1.77426958 1.99318099 -0.61004442
v 1.77599156 1.99234366 -0.60967112
v 1.77242017 1.98967028 -0.61007369
v 1.77075148 1.99060357 -0.60968560
v 1.77254748 1.99401176 -0.60965651
v 1.77242017 1.98967028 -0.61007369
v 1.77254748 1.99401176 -0.60965651
v 1.77426958 1.99318099 -0.61004442
v 1.77075148 1.99060357 -0.60968560
v 1.76933694 1.99138868 -0.60859537
v 1.77108753 1.99470925 -0.60856652
v 1.77075148 1.99060357 -0.60968560
v 1.77108753 1.99470925 -0.60856652
v 1.77254748 1.99401176 -0.60965651
v 1.76933694 1.99138868 -0.60859537
v 1.76839173 1.99190605 -0.60696906
v 1.77011204 1.99516761 -0.60694039
v 1.76933694 1.99138868 -0.60859537
v 1.77011204 1.99516761 -0.60694039
v 1.77108753 1.99470925 -0.60856652
v 1.76839173 1.99190605 -0.60696906
v 1.76805973 1.99207699 -0.60505420
v 1.76976955 1.99531674 -0.60502559
v 1.76839173 1.99190605 -0.60696906
v 1.76976955 1.99531674 -0.60502559
v 1.77011204 1.99516761 -0.60694039
v 1.76805973 1.99207699 -0.60505420
v 1.76839173 1.99187529 -0.60314232
v 1.77011204 1.99513412 -0.60311365
v 1.76805973 1.99207699 -0.60505420
v 1.77011204 1.99513412 -0.60311365
v 1.76976955 1.99531674 -0.60502559
v 1.76839173 1.99187529 -0.60314232
v 1.76933694 1.99133193 -0.60152453
v 1.77108753 1.99464762 -0.60149574
v 1.76839173 1.99187529 -0.60314232
v 1.77108753 1.99464762 -0.60149574
v 1.77011204 1.99513412 -0.60311365
v 1.76933694 1.99133193 -0.60152453
v 1.77075148 1.99052942 -0.60044706
v 1.77254748 1.99393106 -0.60041809
v 1.76933694 1.99133193 -0.60152453
v 1.77254748 1.99393106 -0.60041809
v 1.77108753 1.99464762 -0.60149574
v 1.77075148 1.99052942 -0.60044706
v 1.77242017 1.98958993 -0.60007399
v 1.77426958 1.99309373 -0.60004479
v 1.77075148 1.99052942 -0.60044706
v 1.77426958 1.99309373 -0.60004479
v 1.77254748 1.99393106 -0.60041809
v 1.77426958 1.99309373 -0.60004479
v 1.77599156 1.99226308 -0.60043263
v 1.77770972 1.99613214 -0.60039812
v 1.77426958 1.99309373 -0.60004479
v 1.77770972 1.99613214 -0.60039812
v 1.77592528 1.99681902 -0.60001093
v 1.77599156 1.99226308 -0.60043263
v 1.77745152 1.99156547 -0.60152262
v 1.77922261 1.99555719 -0.60148758
v 1.77599156 1.99226308 -0.60043263
v 1.77922261 1.99555719 -0.60148758
v 1.77770972 1.99613214 -0.60039812
v 1.77745152 1.99156547 -0.60152262
v 1.77842700 1.99110723 -0.60314882
v 1.78023338 1.99518168 -0.60311335
v 1.77745152 1.99156547 -0.60152262
v 1.78023338 1.99518168 -0.60311335
v 1.77922261 1.99555719 -0.60148758
v 1.77842700 1.99110723 -0.60314882
v 1.77876949 1.99095798 -0.60506362
v 1.78058839 1.99506271 -0.60502803
v 1.77842700 1.99110723 -0.60314882
v 1.78058839 1.99506271 -0.60502803
v 1.78023338 1.99518168 -0.60311335
v 1.77876949 1.99095798 -0.60506362
v 1.77842700 1.99114060 -0.60697550
v 1.78023338 1.99521840 -0.60694003
v 1.77876949 1.99095798 -0.60506362
v 1.78023338 1.99521840 -0.60694003
v 1.78058839 1.99506271 -0.60502803
v 1.77842700 1.99114060 -0.60697550
v 1.77745152 1.99162722 -0.60859346
v 1.77922261 1.99562514 -0.60855830
v 1.77842700 1.99114060 -0.60697550
v 1.77922261 1.99562514 -0.60855830
v 1.78023338 1.99521840 -0.60694003
v 1.77745152 1.99162722 -0.60859346
v 1.77599156 1.99234366 -0.60967112
v 1.77770972 1.99622095 -0.60963649
v 1.77745152 1.99162722 -0.60859346
v 1.77770972 1.99622095 -0.60963649
v 1.77922261 1.99562514 -0.60855830
v 1.77599156 1.99234366 -0.60967112
v 1.77426958 1.99318099 -0.61004442
v 1.77592528 1.99691510 -0.61001045
v 1.77599156 1.99234366 -0.60967112
v 1.77592528 1.99691510 -0.61001045
v 1.77770972 1.99622095 -0.60963649
v 1.77426958 1.99318099 -0.61004442
v 1.77254748 1.99401176 -0.60965651
v 1.77414083 1.99760187 -0.60962325
v 1.77426958 1.99318099 -0.61004442
v 1.77414083 1.99760187 -0.60962325
v 1.77592528 1.99691510 -0.61001045
v 1.77254748 1.99401176 -0.60965651
v 1.77108753 1.99470925 -0.60856652
v 1.77262807 1.99817693 -0.60853380
v 1.77254748 1.99401176 -0.60965651
v 1.77262807 1.99817693 -0.60853380
v 1.77414083 1.99760187 -0.60962325
v 1.77108753 1.99470925 -0.60856652
v 1.77011204 1.99516761 -0.60694039
v 1.77161717 1.99855244 -0.60690802
v 1.77108753 1.99470925 -0.60856652
v 1.77161717 1.99855244 -0.60690802
v 1.77262807 1.99817693 -0.60853380
v 1.77011204 1.99516761 -0.60694039
v 1.76976955 1.99531674 -0.60502559
v 1.77126229 1.99867141 -0.60499334
v 1.77011204 1.99516761 -0.60694039
v 1.77126229 1.99867141 -0.60499334
v 1.77161717 1.99855244 -0.60690802
v 1.76976955 1.99531674 -0.60502559
v 1.77011204 1.99513412 -0.60311365
v 1.77161717 1.99851573 -0.60308135
v 1.76976955 1.99531674 -0.60502559
v 1.77161717 1.99851573 -0.60308135
v 1.77126229 1.99867141 -0.60499334
v 1.77011204 1.99513412 -0.60311365
v 1.77108753 1.99464762 -0.60149574
v 1.77262807 1.99810898 -0.60146308
v 1.77011204 1.99513412 -0.60311365
v 1.77262807 1.99810898 -0.60146308
v 1.77161717 1.99851573 -0.60308135
v 1.77108753 1.99464762 -0.60149574
v 1.77254748 1.99393106 -0.60041809
v 1.77414083 1.99751318 -0.60038483
v 1.77108753 1.99464762 -0.60149574
v 1.77414083 1.99751318 -0.60038483
v 1.77262807 1.99810898 -0.60146308
v 1.77254748 1.99393106 -0.60041809
v 1.77426958 1.99309373 -0.60004479
v 1.77592528 1.99681902 -0.60001093
v 1.77254748 1.99393106 -0.60041809
v 1.77592528 1.99681902 -0.60001093
v 1.77414083 1.99751318 -0.60038483
v 1.77592528 1.99681902 -0.60001093
v 1.77770972 1.99613214 -0.60039812
v 1.77914536 2.00042892 -0.60035551
v 1.77592528 1.99681902 -0.60001093
v 1.77914536 2.00042892 -0.60035551
v 1.77728701 2.00088024 -0.59996998
v 1.77770972 1.99613214 -0.60039812
v 1.77922261 1.99555719 -0.60148758
v 1.78072083 2.00005436 -0.60144353
v 1.77770972 1.99613214 -0.60039812
v 1.78072083 2.00005436 -0.60144353
v 1.77914536 2.00042892 -0.60035551
v 1.77922261 1.99555719 -0.60148758
v 1.78023338 1.99518168 -0.60311335
v 1.78177357 1.99981403 -0.60306835
v 1.77922261 1.99555719 -0.60148758
v 1.78177357 1.99981403 -0.60306835
v 1.78072083 2.00005436 -0.60144353
v 1.78023338 1.99518168 -0.60311335
v 1.78058839 1.99506271 -0.60502803
v 1.78214312 1.99974418 -0.60498267
v 1.78023338 1.99518168 -0.60311335
v 1.78214312 1.99974418 -0.60498267
v 1.78177357 1.99981403 -0.60306835
v 1.78058839 1.99506271 -0.60502803
v 1.78023338 1.99521840 -0.60694003
v 1.78177357 1.99985564 -0.60689497
v 1.78058839 1.99506271 -0.60502803
v 1.78177357 1.99985564 -0.60689497
v 1.78214312 1.99974418 -0.60498267
v 1.78023338 1.99521840 -0.60694003
v 1.77922261 1.99562514 -0.60855830
v 1.78072083 2.00013137 -0.60851419
v 1.78023338 1.99521840 -0.60694003
v 1.78072083 2.00013137 -0.60851419
v 1.78177357 1.99985564 -0.60689497
v 1.77922261 1.99562514 -0.60855830
v 1.77770972 1.99622095 -0.60963649
v 1.77914536 2.00052929 -0.60959375
v 1.77922261 1.99562514 -0.60855830
v 1.77914536 2.00052929 -0.60959375
v 1.78072083 2.00013137 -0.60851419
v 1.77770972 1.99622095 -0.60963649
v 1.77592528 1.99691510 -0.61001045
v 1.77728701 2.00098896 -0.60996938
v 1.77770972 1.99622095 -0.60963649
v 1.77728701 2.00098896 -0.60996938
v 1.77914536 2.00052929 -0.60959375
v 1.77592528 1.99691510 -0.61001045
v 1.77414083 1.99760187 -0.60962325
v 1.77542853 2.00144053 -0.60958385
v 1.77592528 1.99691510 -0.61001045
v 1.77542853 2.00144053 -0.60958385
v 1.77728701 2.00098896 -0.60996938
v 1.77414083 1.99760187 -0.60962325
v 1.77262807 1.99817693 -0.60853380
v 1.77385306 2.00181484 -0.60849583
v 1.77414083 1.99760187 -0.60962325
v 1.77385306 2.00181484 -0.60849583
v 1.77542853 2.00144053 -0.60958385
v 1.77262807 1.99817693 -0.60853380
v 1.77161717 1.99855244 -0.60690802
v 1.77280045 2.00205517 -0.60687101
v 1.77262807 1.99817693 -0.60853380
v 1.77280045 2.00205517 -0.60687101
v 1.77385306 2.00181484 -0.60849583
v 1.77161717 1.99855244 -0.60690802
v 1.77126229 1.99867141 -0.60499334
v 1.77243078 2.00212502 -0.60495675
v 1.77161717 1.99855244 -0.60690802
v 1.77243078 2.00212502 -0.60495675
v 1.77280045 2.00205517 -0.60687101
v 1.77126229 1.99867141 -0.60499334
v 1.77161717 1.99851573 -0.60308135
v 1.77280045 2.00201368 -0.60304439
v 1.77126229 1.99867141 -0.60499334
v 1.77280045 2.00201368 -0.60304439
v 1.77243078 2.00212502 -0.60495675
v 1.77161717 1.99851573 -0.60308135
v 1.77262807 1.99810898 -0.60146308
v 1.77385306 2.00173783 -0.60142523
v 1.77161717 1.99851573 -0.60308135
v 1.77385306 2.00173783 -0.60142523
v 1.77280045 2.00201368 -0.60304439
v 1.77262807 1.99810898 -0.60146308
v 1.77414083 1.99751318 -0.60038483
v 1.77542853 2.00133991 -0.60034561
v 1.77262807 1.99810898 -0.60146308
v 1.77542853 2.00133991 -0.60034561
v 1.77385306 2.00173783 -0.60142523
v 1.77414083 1.99751318 -0.60038483
v 1.77592528 1.99681902 -0.60001093
v 1.77728701 2.00088024 -0.59996998
v 1.77414083 1.99751318 -0.60038483
v 1.77728701 2.00088024 -0.59996998
v 1.77542853 2.00133991 -0.60034561
v 1.77728701 2.00088024 -0.59996998
v 1.77914536 2.00042892 -0.60035551
v 1.77996004 2.00594258 -0.60029089
v 1.77728701 2.00088024 -0.59996998
v 1.77996004 2.00594258 -0.60029089
v 1.77807987 2.00558162 -0.59991556
v 1.77914536 2.00042892 -0.60035551
v 1.78072083 2.00005436 -0.60144353
v 1.78155398 2.00625968 -0.60137016
v 1.77914536 2.00042892 -0.60035551
v 1.78155398 2.00625968 -0.60137016
v 1.77996004 2.00594258 -0.60029089
v 1.78072083 2.00005436 -0.60144353
v 1.78177357 1.99981403 -0.60306835
v 1.78261900 2.00648499 -0.60298914
v 1.78072083 2.00005436 -0.60144353
v 1.78261900 2.00648499 -0.60298914
v 1.78155398 2.00625968 -0.60137016
v 1.78177357 1.99981403 -0.60306835
v 1.78214312 1.99974418 -0.60498267
v 1.78299296 2.00658393 -0.60490131
v 1.78177357 1.99981403 -0.60306835
v 1.78299296 2.00658393 -0.60490131
v 1.78261900 2.00648499 -0.60298914
v 1.78214312 1.99974418 -0.60498267
v 1.78177357 1.99985564 -0.60689497
v 1.78261900 2.00654149 -0.60681552
v 1.78214312 1.99974418 -0.60498267
v 1.78261900 2.00654149 -0.60681552
v 1.78299296 2.00658393 -0.60490131
v 1.78177357 1.99985564 -0.60689497
v 1.78072083 2.00013137 -0.60851419
v 1.78155398 2.00636435 -0.60844046
v 1.78177357 1.99985564 -0.60689497
v 1.78155398 2.00636435 -0.60844046
v 1.78261900 2.00654149 -0.60681552
v 1.78072083 2.00013137 -0.60851419
v 1.77914536 2.00052929 -0.60959375
v 1.77996004 2.00607920 -0.60952866
v 1.78072083 2.00013137 -0.60851419
v 1.77996004 2.00607920 -0.60952866
v 1.78155398 2.00636435 -0.60844046
v 1.77914536 2.00052929 -0.60959375
v 1.77728701 2.00098896 -0.60996938
v 1.77807987 2.00572968 -0.60991448
v 1.77914536 2.00052929 -0.60959375
v 1.77807987 2.00572968 -0.60991448
v 1.77996004 2.00607920 -0.60952866
v 1.77728701 2.00098896 -0.60996938
v 1.77542853 2.00144053 -0.60958385
v 1.77619982 2.00536871 -0.60953915
v 1.77728701 2.00098896 -0.60996938
v 1.77619982 2.00536871 -0.60953915
v 1.77807987 2.00572968 -0.60991448
v 1.77542853 2.00144053 -0.60958385
v 1.77385306 2.00181484 -0.60849583
v 1.77460587 2.00505161 -0.60845989
v 1.77542853 2.00144053 -0.60958385
v 1.77460587 2.00505161 -0.60845989
v 1.77619982 2.00536871 -0.60953915
v 1.77385306 2.00181484 -0.60849583
v 1.77280045 2.00205517 -0.60687101
v 1.77354085 2.00482631 -0.60684091
v 1.77385306 2.00181484 -0.60849583
v 1.77354085 2.00482631 -0.60684091
v 1.77460587 2.00505161 -0.60845989
v 1.77280045 2.00205517 -0.60687101
v 1.77243078 2.00212502 -0.60495675
v 1.77316689 2.00472736 -0.60492873
v 1.77280045 2.00205517 -0.60687101
v 1.77316689 2.00472736 -0.60492873
v 1.77354085 2.00482631 -0.60684091
v 1.77243078 2.00212502 -0.60495675
v 1.77280045 2.00201368 -0.60304439
v 1.77354085 2.00476956 -0.60301453
v 1.77243078 2.00212502 -0.60495675
v 1.77354085 2.00476956 -0.60301453
v 1.77316689 2.00472736 -0.60492873
v 1.77280045 2.00201368 -0.60304439
v 1.77385306 2.00173783 -0.60142523
v 1.77460587 2.00494695 -0.60138959
v 1.77280045 2.00201368 -0.60304439
v 1.77460587 2.00494695 -0.60138959
v 1.77354085 2.00476956 -0.60301453
v 1.77385306 2.00173783 -0.60142523
v 1.77542853 2.00133991 -0.60034561
v 1.77619982 2.00523210 -0.60030138
v 1.77385306 2.00173783 -0.60142523
v 1.77619982 2.00523210 -0.60030138
v 1.77460587 2.00494695 -0.60138959
v 1.77542853 2.00133991 -0.60034561
v 1.77728701 2.00088024 -0.59996998
v 1.77807987 2.00558162 -0.59991556
v 1.77542853 2.00133991 -0.60034561
v 1.77807987 2.00558162 -0.59991556
v 1.77619982 2.00523210 -0.60030138
v 1.77807987 2.00558162 -0.59991556
v 1.77996004 2.00594258 -0.60029089
v 1.77636623 2.01590037 -0.60012734
v 1.77807987 2.00558162 -0.59991556
v 1.77636623 2.01590037 -0.60012734
v 1.77456784 2.01524091 -0.59975749
v 1.77996004 2.00594258 -0.60029089
v 1.78155398 2.00625968 -0.60137016
v 1.77789092 2.01647186 -0.60120201
v 1.77996004 2.00594258 -0.60029089
v 1.77789092 2.01647186 -0.60120201
v 1.77636623 2.01590037 -0.60012734
v 1.78155398 2.00625968 -0.60137016
v 1.78261900 2.00648499 -0.60298914
v 1.77890968 2.01686835 -0.60281783
v 1.78155398 2.00625968 -0.60137016
v 1.77890968 2.01686835 -0.60281783
v 1.77789092 2.01647186 -0.60120201
v 1.78261900 2.00648499 -0.60298914
v 1.78299296 2.00658393 -0.60490131
v 1.77926743 2.01702976 -0.60472888
v 1.78261900 2.00648499 -0.60298914
v 1.77926743 2.01702976 -0.60472888
v 1.77890968 2.01686835 -0.60281783
v 1.78299296 2.00658393 -0.60490131
v 1.78261900 2.00654149 -0.60681552
v 1.77890968 2.01693106 -0.60664415
v 1.78299296 2.00658393 -0.60490131
v 1.77890968 2.01693106 -0.60664415
v 1.77926743 2.01702976 -0.60472888
v 1.78261900 2.00654149 -0.60681552
v 1.78155398 2.00636435 -0.60844046
v 1.77789092 2.01658750 -0.60827214
v 1.78261900 2.00654149 -0.60681552
v 1.77789092 2.01658750 -0.60827214
v 1.77890968 2.01693106 -0.60664415
v 1.78155398 2.00636435 -0.60844046
v 1.77996004 2.00607920 -0.60952866
v 1.77636623 2.01605153 -0.60936493
v 1.78155398 2.00636435 -0.60844046
v 1.77636623 2.01605153 -0.60936493
v 1.77789092 2.01658750 -0.60827214
v 1.77996004 2.00607920 -0.60952866
v 1.77807987 2.00572968 -0.60991448
v 1.77456784 2.01540470 -0.60975617
v 1.77996004 2.00607920 -0.60952866
v 1.77456784 2.01540470 -0.60975617
v 1.77636623 2.01605153 -0.60936493
v 1.77807987 2.00572968 -0.60991448
v 1.77619982 2.00536871 -0.60953915
v 1.77276945 2.01474524 -0.60938627
v 1.77807987 2.00572968 -0.60991448
v 1.77276945 2.01474524 -0.60938627
v 1.77456784 2.01540470 -0.60975617
v 1.77619982 2.00536871 -0.60953915
v 1.77460587 2.00505161 -0.60845989
v 1.77124476 2.01417375 -0.60831165
v 1.77619982 2.00536871 -0.60953915
v 1.77124476 2.01417375 -0.60831165
v 1.77276945 2.01474524 -0.60938627
v 1.77460587 2.00505161 -0.60845989
v 1.77354085 2.00482631 -0.60684091
v 1.77022600 2.01377702 -0.60669577
v 1.77460587 2.00505161 -0.60845989
v 1.77022600 2.01377702 -0.60669577
v 1.77124476 2.01417375 -0.60831165
v 1.77354085 2.00482631 -0.60684091
v 1.77316689 2.00472736 -0.60492873
v 1.76986825 2.01361585 -0.60478473
v 1.77354085 2.00482631 -0.60684091
v 1.76986825 2.01361585 -0.60478473
v 1.77022600 2.01377702 -0.60669577
v 1.77316689 2.00472736 -0.60492873
v 1.77354085 2.00476956 -0.60301453
v 1.77022600 2.01371455 -0.60286945
v 1.77316689 2.00472736 -0.60492873
v 1.77022600 2.01371455 -0.60286945
v 1.76986825 2.01361585 -0.60478473
v 1.77354085 2.00476956 -0.60301453
v 1.77460587 2.00494695 -0.60138959
v 1.77124476 2.01405787 -0.60124153
v 1.77354085 2.00476956 -0.60301453
v 1.77124476 2.01405787 -0.60124153
v 1.77022600 2.01371455 -0.60286945
v 1.77460587 2.00494695 -0.60138959
v 1.77619982 2.00523210 -0.60030138
v 1.77276945 2.01459408 -0.60014874
v 1.77460587 2.00494695 -0.60138959
v 1.77276945 2.01459408 -0.60014874
v 1.77124476 2.01405787 -0.60124153
v 1.77619982 2.00523210 -0.60030138
v 1.77807987 2.00558162 -0.59991556
v 1.77456784 2.01524091 -0.59975749
v 1.77619982 2.00523210 -0.60030138
v 1.77456784 2.01524091 -0.59975749
v 1.77276945 2.01459408 -0.60014874
v 1.68907237 1.94176221 -0.60035855
v 1.68981385 1.94319594 -0.60145438
v 1.69029498 1.94415379 -0.60308433
v 1.68907237 1.94176221 -0.60035855
v 1.69029498 1.94415379 -0.60308433
v 1.69044256 1.94449019 -0.60500038
v 1.68907237 1.94176221 -0.60035855
v 1.69044256 1.94449019 -0.60500038
v 1.69023407 1.94415379 -0.60691071
v 1.68907237 1.94176221 -0.60035855
v 1.69023407 1.94415379 -0.60691071
v 1.68970120 1.94319594 -0.60852450
v 1.68907237 1.94176221 -0.60035855
v 1.68970120 1.94319594 -0.60852450
v 1.68892515 1.94176221 -0.60959613
v 1.68907237 1.94176221 -0.60035855
v 1.68892515 1.94176221 -0.60959613
v 1.68802404 1.94007111 -0.60996246
v 1.68907237 1.94176221 -0.60035855
v 1.68802404 1.94007111 -0.60996246
v 1.68713510 1.93838000 -0.60956764
v 1.68907237 1.94176221 -0.60035855
v 1.68713510 1.93838000 -0.60956764
v 1.68639362 1.93694627 -0.60847181
v 1.68907237 1.94176221 -0.60035855
v 1.68639362 1.93694627 -0.60847181
v 1.68591249 1.93598831 -0.60684180
v 1.68907237 1.94176221 -0.60035855
v 1.68591249 1.93598831 -0.60684180
v 1.68576503 1.93565202 -0.60492581
v 1.68907237 1.94176221 -0.60035855
v 1.68576503 1.93565202 -0.60492581
v 1.68597353 1.93598831 -0.60301548
v 1.68907237 1.94176221 -0.60035855
v 1.68597353 1.93598831 -0.60301548
v 1.68650639 1.93694627 -0.60140163
v 1.68907237 1.94176221 -0.60035855
v 1.68650639 1.93694627 -0.60140163
v 1.68728232 1.93838000 -0.60033000
v 1.68907237 1.94176221 -0.60035855
v 1.68728232 1.93838000 -0.60033000
v 1.68818343 1.94007111 -0.59996372
v 1.77456784 2.01524091 -0.59975749
v 1.77636623 2.01590037 -0.60012734
v 1.77789092 2.01647186 -0.60120201
v 1.77456784 2.01524091 -0.59975749
v 1.77789092 2.01647186 -0.60120201
v 1.77890968 2.01686835 -0.60281783
v 1.77456784 2.01524091 -0.59975749
v 1.77890968 2.01686835 -0.60281783
v 1.77926743 2.01702976 -0.60472888
v 1.77456784 2.01524091 -0.59975749
v 1.77926743 2.01702976 -0.60472888
v 1.77890968 2.01693106 -0.60664415
v 1.77456784 2.01524091 -0.59975749
v 1.77890968 2.01693106 -0.60664415
v 1.77789092 2.01658750 -0.60827214
v 1.77456784 2.01524091 -0.59975749
v 1.77789092 2.01658750 -0.60827214
v 1.77636623 2.01605153 -0.60936493
v 1.77456784 2.01524091 -0.59975749
v 1.77636623 2.01605153 -0.60936493
v 1.77456784 2.01540470 -0.60975617
v 1.77456784 2.01524091 -0.59975749
v 1.77456784 2.01540470 -0.60975617
v 1.77276945 2.01474524 -0.60938627
v 1.77456784 2.01524091 -0.59975749
v 1.77276945 2.01474524 -0.60938627
v 1.77124476 2.01417375 -0.60831165
v 1.77456784 2.01524091 -0.59975749
v 1.77124476 2.01417375 -0.60831165
v 1.77022600 2.01377702 -0.60669577
v 1.77456784 2.01524091 -0.59975749
v 1.77022600 2.01377702 -0.60669577
v 1.76986825 2.01361585 -0.60478473
v 1.77456784 2.01524091 -0.59975749
v 1.76986825 2.01361585 -0.60478473
v 1.77022600 2.01371455 -0.60286945
v 1.77456784 2.01524091 -0.59975749
v 1.77022600 2.01371455 -0.60286945
v 1.77124476 2.01405787 -0.60124153
v 1.77456784 2.01524091 -0.59975749
v 1.77124476 2.01405787 -0.60124153
v 1.77276945 2.01459408 -0.60014874
vt 0.00000000 0.00000000
vt 0.00000000 0.00000000
vt 0.00000000 0.00000000
vt 0.00000000 0.00000000
vt 0.00000000 0.00000000
vt 0.00000000 0.00000000
vt 0.00000000 0.00000000
vt 0.00000000 0.00000000
vt 0.00000000 0.00000000
vt 0.00000000 0.00000000
vt 0.00000000 0.00000000
vt 0.00000000 0.00000000
vt 0.00000000 0.00000000
vt 0.00000000 0.00000000
vt 0.00000000 0.00000000
vt 0.00000000 0.00000000
vt 0.00000000 0.00000000
vt 0.00000000 0.00000000
vt 0.00000000 0.00000000
vt 0.00000000 0.00000000
vt 0.00000000 0.00000000
vt 0.00000000 0.00000000
vt 0.00000000 0.00000000
vt 0.00000000 0.00000000
vt 0.00000000 0.00000000
vt 0.00000000 0.00000000
vt 0.00000000 0.00000000
vt 0.00000000 0.00000000
vt 0.00000000 0.00000000
vt 0.00000000 0.00000000
vt 0.00000000 0.00000000
vt 0.00000000 0.00000000
vt 0.00000000 0.00000000
vt 0.00000000 0.00000000
vt 0.00000000 0.00000000
vt 0.00000000 0.00000000
vt 0.00000000 0.00000000
vt 0.00000000 0.00000000
vt 0.00000000 0.00000000
vt 0.00000000 0.00000000
vt 0.00000000 0.00000000
vt 0.00000000 0.00000000
vt 0.00000000 0.00000000
vt 0.00000000 0.00000000
vt 0.00000000 0.00000000
vt 0.00000000 0.00000000
vt 0.00000000 0.00000000
vt 0.00000000 0.00000000
vt 0.00000000 0.00000000
vt 0.00000000 0.00000000
vt 0.00000000 0.00000000
vt 0.00000000 0.00000000
vt 0.00000000 0.00000000
vt 0.00000000 0.00000000
vt 0.00000000 0.00000000
vt 0.00000000 0.00000000
vt 0.00000000 0.00000000
vt 0.00000000 0.00000000
vt 0.00000000 0.00000000
vt 0.00000000 0.00000000
vt 0.00000000 0.00000000
vt 0.00000000 0.00000000
vt 0.00000000 0.00000000
vt 0.00000000 0.00000000
vt 0.00000000 0.00000000
vt 0.00000000 0.00000000
vt 0.00000000 0.00000000
vt 0.00000000 0.00000000
vt 0.00000000 0.00000000
vt 0.00000000 0.00000000
vt 0.00000000 0.00000000
vt 0.00000000 0.00000000
vt 0.00000000 0.00000000
vt 0.00000000 0.00000000
vt 0.00000000 0.00000000
vt 0.00000000 0.00000000
vt 0.00000000 0.00000000
vt 0.00000000 0.00000000
vt 0.00000000 0.00000000
vt 0.00000000 0.00000000
vt 0.00000000 0.00000000
vt 0.00000000 0.00000000
vt 0.00000000 0.00000000
vt 0.00000000 0.00000000
vt 0.00000000 0.00000000
vt 0.00000000 0.00000000
vt 0.00000000 0.00000000
vt 0.00000000 0.00000000
vt 0.00000000 0.00000000
vt 0.00000000 0.00000000
vt 0.00000000 0.00000000
vt 0.00000000 0.00000000
vt 0.00000000 0.00000000
vt 0.00000000 0.00000000
vt 0.00000000 0.00000000
vt 0.00000000 0.00000000
vt 0.00000000 0.00000000
vt 0.00000000 0.00000000
vt 0.00000000 0.00000000
vt 0.00000000 0.00000000
vt 0.00000000 0.00000000
vt 0.00000000 0.00000000
vt 0.00000000 0.00000000
vt 0.00000000 0.00000000
vt 0.00000000 0.00000000
vt 0.00000000 0.00000000
vt 0.00000000 0.00000000
vt 0.00000000 0.00000000
vt 0.00000000 0.00000000
vt 0.00000000 0.00000000
vt 0.00000000 0.00000000
vt 0.00000000 0.00000000
vt 0.00000000 0.00000000
vt 0.00000000 0.00000000
vt 0.00000000 0.00000000
vt 0.00000000 0.00000000
vt 0.00000000 0.00000000
vt 0.00000000 0.00000000
vt 0.00000000 0.00000000
vt 0.00000000 0.00000000
vt 0.00000000 0.00000000
vt 0.00000000 0.00000000
vt 0.00000000 0.00000000
vt 0.00000000 0.00000000
vt 0.00000000 0.00000000
vt 0.00000000 0.00000000
vt 0.00000000 0.00000000
vt 0.00000000 0.00000000
vt 0.00000000 0.00000000
vt 0.00000000 0.00000000
vt 0.00000000 0.00000000
vt 0.00000000 0.00000000
vt 0.00000000 0.00000000
vt 0.00000000 0.00000000
vt 0.00000000 0.00000000
vt 0.00000000 0.00000000
vt 0.00000000 0.00000000
vt 0.00000000 0.00000000
vt 0.00000000 0.00000000
vt 0.00000000 0.00000000
vt 0.00000000 0.00000000
vt 0.00000000 0.00000000
vt 0.00000000 0.00000000
vt 0.00000000 0.00000000
vt 0.00000000 0.00000000
vt 0.00000000 0.00000000
vt 0.00000000 0.00000000
vt 0.00000000 0.00000000
vt 0.00000000 0.00000000
vt 0.00000000 0.00000000
vt 0.00000000 0.00000000
vt 0.00000000 0.00000000
vt 0.00000000 0.00000000
vt 0.00000000 0.00000000
vt 0.00000000 0.00000000
vt 0.00000000 0.00000000
vt 0.00000000 0.00000000
vt 0.00000000 0.00000000
vt 0.00000000 0.00000000
vt 0.00000000 0.00000000
vt 0.00000000 0.00000000
vt 0.00000000 0.00000000
vt 0.00000000 0.00000000
vt 0.00000000 0.00000000
vt 0.00000000 0.00000000
vt 0.00000000 0.00000000
vt 0.00000000 0.00000000
vt 0.00000000 0.00000000
vt 0.00000000 0.00000000
vt 0.00000000 0.00000000
vt 0.00000000 0.00000000
vt 0.00000000 0.00000000
vt 0.00000000 0.00000000
vt 0.00000000 0.00000000
vt 0.00000000 0.00000000
vt 0.00000000 0.00000000
vt 0.00000000 0.00000000
vt 0.00000000 0.00000000
vt 0.00000000 0.00000000
vt 0.00000000 0.00000000
vt 0.00000000 0.00000000
vt 0.00000000 0.00000000
vt 0.00000000 0.00000000
vt 0.00000000 0.00000000
vt 0.00000000 0.00000000
vt 0.00000000 0.00000000
vt 0.00000000 0.00000000
vt 0.00000000 0.00000000
vt 0.00000000 0.00000000
vt 0.00000000 0.00000000
vt 0.00000000 0.00000000
vt 0.00000000 0.00000000
vt 0.00000000 0.00000000
vt 0.00000000 0.00000000
vt 0.00000000 0.00000000
vt 0.00000000 0.00000000
vt 0.00000000 0.00000000
vt 0.00000000 0.00000000
vt 0.00000000 0.00000000
vt 0.00000000 0.00000000
vt 0.00000000 0.00000000
vt 0.00000000 0.00000000
vt 0.00000000 0.00000000
vt 0.00000000 0.00000000
vt 0.00000000 0.00000000
vt 0.00000000 0.00000000
vt 0.00000000 0.00000000
vt 0.00000000 0.00000000
vt 0.00000000 0.00000000
vt 0.00000000 0.00000000
vt 0.00000000 0.00000000
vt 0.00000000 0.00000000
vt 0.00000000 0.00000000
vt 0.00000000 0.00000000
vt 0.00000000 0.00000000
vt 0.00000000 0.00000000
vt 0.00000000 0.00000000
vt 0.00000000 0.00000000
vt 0.00000000 0.00000000
vt 0.00000000 0.00000000
vt 0.00000000 0.00000000
vt 0.00000000 0.00000000
vt 0.00000000 0.00000000
vt 0.00000000 0.00000000
vt 0.00000000 0.00000000
vt 0.00000000 0.00000000
vt 0.00000000 0.00000000
vt 0.00000000 0.00000000
vt 0.00000000 0.00000000
vt 0.00000000 0.00000000
vt 0.00000000 0.00000000
vt 0.00000000 0.00000000
vt 0.00000000 0.00000000
vt 0.00000000 0.00000000
vt 0.00000000 0.00000000
vt 0.00000000 0.00000000
vt 0.00000000 0.00000000
vt 0.00000000 0.00000000
vt 0.00000000 0.00000000
vt 0.00000000 0.00000000
vt 0.00000000 0.00000000
vt 0.00000000 0.00000000
vt 0.00000000 0.00000000
vt 0.00000000 0.00000000
vt 0.00000000 0.00000000
vt 0.00000000 0.00000000
vt 0.00000000 0.00000000
vt 0.00000000 0.00000000
vt 0.00000000 0.00000000
vt 0.00000000 0.00000000
vt 0.00000000 0.00000000
vt 0.00000000 0.00000000
vt 0.00000000 0.00000000
vt 0.00000000 0.00000000
vt 0.00000000 0.00000000
vt 0.00000000 0.00000000
vt 0.00000000 0.00000000
vt 0.00000000 0.00000000
vt 0.00000000 0.00000000
vt 0.00000000 0.00000000
vt 0.00000000 0.00000000
vt 0.00000000 0.00000000
vt 0.00000000 0.00000000
vt 0.00000000 0.00000000
vt 0.00000000 0.00000000
vt 0.00000000 0.00000000
vt 0.00000000 0.00000000
vt 0.00000000 0.00000000
vt 0.00000000 0.00000000
vt 0.00000000 0.00000000
vt 0.00000000 0.00000000
vt 0.00000000 0.00000000
vt 0.00000000 0.00000000
vt 0.00000000 0.00000000
vt 0.00000000 0.00000000
vt 0.00000000 0.00000000
vt 0.00000000 0.00000000
vt 0.00000000 0.00000000
vt 0.00000000 0.00000000
vt 0.00000000 0.00000000
vt 0.00000000 0.00000000
vt 0.00000000 0.00000000
vt 0.00000000 0.00000000
vt 0.00000000 0.00000000
vt 0.00000000 0.00000000
vt 0.00000000 0.00000000
vt 0.00000000 0.00000000
vt 0.00000000 0.00000000
vt 0.00000000 0.00000000
vt 0.00000000 0.00000000
vt 0.00000000 0.00000000
vt 0.00000000 0.00000000
vt 0.00000000 0.00000000
vt 0.00000000 0.00000000
vt 0.00000000 0.00000000
vt 0.00000000 0.00000000
vt 0.00000000 0.00000000
vt 0.00000000 0.00000000
vt 0.00000000 0.00000000
vt 0.00000000 0.00000000
vt 0.00000000 0.00000000
vt 0.00000000 0.00000000
vt 0.00000000 0.00000000
vt 0.00000000 0.00000000
vt 0.00000000 0.00000000
vt 0.00000000 0.00000000
vt 0.00000000 0.00000000
vt 0.00000000 0.00000000
vt 0.00000000 0.00000000
vt 0.00000000 0.00000000
vt 0.00000000 0.00000000
vt 0.00000000 0.00000000
vt 0.00000000 0.00000000
vt 0.00000000 0.00000000
vt 0.00000000 0.00000000
vt 0.00000000 0.00000000
vt 0.00000000 0.00000000
vt 0.00000000 0.00000000
vt 0.00000000 0.00000000
vt 0.00000000 0.00000000
vt 0.00000000 0.00000000
vt 0.00000000 0.00000000
vt 0.00000000 0.00000000
vt 0.00000000 0.00000000
vt 0.00000000 0.00000000
vt 0.00000000 0.00000000
vt 0.00000000 0.00000000
vt 0.00000000 0.00000000
vt 0.00000000 0.00000000
vt 0.00000000 0.00000000
vt 0.00000000 0.00000000
vt 0.00000000 0.00000000
vt 0.00000000 0.00000000
vt 0.00000000 0.00000000
vt 0.00000000 0.00000000
vt 0.00000000 0.00000000
vt 0.00000000 0.00000000
vt 0.00000000 0.00000000
vt 0.00000000 0.00000000
vt 0.00000000 0.00000000
vt 0.00000000 0.00000000
vt 0.00000000 0.00000000
vt 0.00000000 0.00000000
vt 0.00000000 0.00000000
vt 0.00000000 0.00000000
vt 0.00000000 0.00000000
vt 0.00000000 0.00000000
vt 0.00000000 0.00000000
vt 0.00000000 0.00000000
vt 0.00000000 0.00000000
vt 0.00000000 0.00000000
vt 0.00000000 0.00000000
vt 0.00000000 0.00000000
vt 0.00000000 0.00000000
vt 0.00000000 0.00000000
vt 0.00000000 0.00000000
vt 0.00000000 0.00000000
vt 0.00000000 0.00000000
vt 0.00000000 0.00000000
vt 0.00000000 0.00000000
vt 0.00000000 0.00000000
vt 0.00000000 0.00000000
vt 0.00000000 0.00000000
vt 0.00000000 0.00000000
vt 0.00000000 0.00000000
vt 0.00000000 0.00000000
vt 0.00000000 0.00000000
vt 0.00000000 0.00000000
vt 0.00000000 0.00000000
vt 0.00000000 0.00000000
vt 0.00000000 0.00000000
vt 0.00000000 0.00000000
vt 0.00000000 0.00000000
vt 0.00000000 0.00000000
vt 0.00000000 0.00000000
vt 0.00000000 0.00000000
vt 0.00000000 0.00000000
vt 0.00000000 0.00000000
vt 0.00000000 0.00000000
vt 0.00000000 0.00000000
vt 0.00000000 0.00000000
vt 0.00000000 0.00000000
vt 0.00000000 0.00000000
vt 0.00000000 0.00000000
vt 0.00000000 0.00000000
vt 0.00000000 0.00000000
vt 0.00000000 0.00000000
vt 0.00000000 0.00000000
vt 0.00000000 0.00000000
vt 0.00000000 0.00000000
vt 0.00000000 0.00000000
vt 0.00000000 0.00000000
vt 0.00000000 0.00000000
vt 0.00000000 0.00000000
vt 0.00000000 0.00000000
vt 0.00000000 0.00000000
vt 0.00000000 0.00000000
vt 0.00000000 0.00000000
vt 0.00000000 0.00000000
vt 0.00000000 0.00000000
vt 0.00000000 0.00000000
vt 0.00000000 0.00000000
vt 0.00000000 0.00000000
vt 0.00000000 0.00000000
vt 0.00000000 0.00000000
vt 0.00000000 0.00000000
vt 0.00000000 0.00000000
vt 0.00000000 0.00000000
vt 0.00000000 0.00000000
vt 0.00000000 0.00000000
vt 0.00000000 0.00000000
vt 0.00000000 0.00000000
vt 0.00000000 0.00000000
vt 0.00000000 0.00000000
vt 0.00000000 0.00000000
vt 0.00000000 0.00000000
vt 0.00000000 0.00000000
vt 0.00000000 0.00000000
vt 0.00000000 0.00000000
vt 0.00000000 0.00000000
vt 0.00000000 0.00000000
vt 0.00000000 0.00000000
vt 0.00000000 0.00000000
vt 0.00000000 0.00000000
vt 0.00000000 0.00000000
vt 0.00000000 0.00000000
vt 0.00000000 0.00000000
vt 0.00000000 0.00000000
vt 0.00000000 0.00000000
vt 0.00000000 0.00000000
vt 0.00000000 0.00000000
vt 0.00000000 0.00000000
vt 0.00000000 0.00000000
vt 0.00000000 0.00000000
vt 0.00000000 0.00000000
vt 0.00000000 0.00000000
vt 0.00000000 0.00000000
vt 0.00000000 0.00000000
vt 0.00000000 0.00000000
vt 0.00000000 0.00000000
vt 0.00000000 0.00000000
vt 0.00000000 0.00000000
vt 0.00000000 0.00000000
vt 0.00000000 0.00000000
vt 0.00000000 0.00000000
vt 0.00000000 0.00000000
vt 0.00000000 0.00000000
vt 0.00000000 0.00000000
vt 0.00000000 0.00000000
vt 0.00000000 0.00000000
vt 0.00000000 0.00000000
vt 0.00000000 0.00000000
vt 0.00000000 0.00000000
vt 0.00000000 0.00000000
vt 0.00000000 0.00000000
vt 0.00000000 0.00000000
vt 0.00000000 0.00000000
vt 0.00000000 0.00000000
vt 0.00000000 0.00000000
vt 0.00000000 0.00000000
vt 0.00000000 0.00000000
vt 0.00000000 0.00000000
vt 0.00000000 0.00000000
vt 0.00000000 0.00000000
vt 0.00000000 0.00000000
vt 0.00000000 0.00000000
vt 0.00000000 0.00000000
vt 0.00000000 0.00000000
vt 0.00000000 0.00000000
vt 0.00000000 0.00000000
vt 0.00000000 0.00000000
vt 0.00000000 0.00000000
vt 0.00000000 0.00000000
vt 0.00000000 0.00000000
vt 0.00000000 0.00000000
vt 0.00000000 0.00000000
vt 0.00000000 0.00000000
vt 0.00000000 0.00000000
vt 0.00000000 0.00000000
vt 0.00000000 0.00000000
vt 0.00000000 0.00000000
vt 0.00000000 0.00000000
vt 0.00000000 0.00000000
vt 0.00000000 0.00000000
vt 0.00000000 0.00000000
vt 0.00000000 0.00000000
vt 0.00000000 0.00000000
vt 0.00000000 0.00000000
vt 0.00000000 0.00000000
vt 0.00000000 0.00000000
vt 0.00000000 0.00000000
vt 0.00000000 0.00000000
vt 0.00000000 0.00000000
vt 0.00000000 0.00000000
vt 0.00000000 0.00000000
vt 0.00000000 0.00000000
vt 0.00000000 0.00000000
vt 0.00000000 0.00000000
vt 0.00000000 0.00000000
vt 0.00000000 0.00000000
vt 0.00000000 0.00000000
vt 0.00000000 0.00000000
vt 0.00000000 0.00000000
vt 0.00000000 0.00000000
vt 0.00000000 0.00000000
vt 0.00000000 0.00000000
vt 0.00000000 0.00000000
vt 0.00000000 0.00000000
vt 0.00000000 0.00000000
vt 0.00000000 0.00000000
vt 0.00000000 0.00000000
vt 0.00000000 0.00000000
vt 0.00000000 0.00000000
vt 0.00000000 0.00000000
vt 0.00000000 0.00000000
vt 0.00000000 0.00000000
vt 0.00000000 0.00000000
vt 0.00000000 0.00000000
vt 0.00000000 0.00000000
vt 0.00000000 0.00000000
vt 0.00000000 0.00000000
vt 0.00000000 0.00000000
vt 0.00000000 0.00000000
vt 0.00000000 0.00000000
vt 0.00000000 0.00000000
vt 0.00000000 0.00000000
vt 0.00000000 0.00000000
vt 0.00000000 0.00000000
vt 0.00000000 0.00000000
vt 0.00000000 0.00000000
vt 0.00000000 0.00000000
vt 0.00000000 0.00000000
vt 0.00000000 0.00000000
vt 0.00000000 0.00000000
vt 0.00000000 0.00000000
vt 0.00000000 0.00000000
vt 0.00000000 0.00000000
vt 0.00000000 0.00000000
vt 0.00000000 0.00000000
vt 0.00000000 0.00000000
vt 0.00000000 0.00000000
vt 0.00000000 0.00000000
vt 0.00000000 0.00000000
vt 0.00000000 0.00000000
vt 0.00000000 0.00000000
vt 0.00000000 0.00000000
vt 0.00000000 0.00000000
vt 0.00000000 0.00000000
vt 0.00000000 0.00000000
vt 0.00000000 0.00000000
vt 0.00000000 0.00000000
vt 0.00000000 0.00000000
vt 0.00000000 0.00000000
vt 0.00000000 0.00000000
vt 0.00000000 0.00000000
vt 0.00000000 0.00000000
vt 0.00000000 0.00000000
vt 0.00000000 0.00000000
vt 0.00000000 0.00000000
vt 0.00000000 0.00000000
vt 0.00000000 0.00000000
vt 0.00000000 0.00000000
vt 0.00000000 0.00000000
vt 0.00000000 0.00000000
vt 0.00000000 0.00000000
vt 0.00000000 0.00000000
vt 0.00000000 0.00000000
vt 0.00000000 0.00000000
vt 0.00000000 0.00000000
vt 0.00000000 0.00000000
vt 0.00000000 0.00000000
vt 0.00000000 0.00000000
vt 0.00000000 0.00000000
vt 0.00000000 0.00000000
vt 0.00000000 0.00000000
vt 0.00000000 0.00000000
vt 0.00000000 0.00000000
vt 0.00000000 0.00000000
vt 0.00000000 0.00000000
vt 0.00000000 0.00000000
vt 0.00000000 0.00000000
vt 0.00000000 0.00000000
vt 0.00000000 0.00000000
vt 0.00000000 0.00000000
vt 0.00000000 0.00000000
vt 0.00000000 0.00000000
vt 0.00000000 0.00000000
vt 0.00000000 0.00000000
vt 0.00000000 0.00000000
vt 0.00000000 0.00000000
vt 0.00000000 0.00000000
vt 0.00000000 0.00000000
vt 0.00000000 0.00000000
vt 0.00000000 0.00000000
vt 0.00000000 0.00000000
vt 0.00000000 0.00000000
vt 0.00000000 0.00000000
vt 0.00000000 0.00000000
vt 0.00000000 0.00000000
vt 0.00000000 0.00000000
vt 0.00000000 0.00000000
vt 0.00000000 0.00000000
vt 0.00000000 0.00000000
vt 0.00000000 0.00000000
vt 0.00000000 0.00000000
vt 0.00000000 0.00000000
vt 0.00000000 0.00000000
vt 0.00000000 0.00000000
vt 0.00000000 0.00000000
vt 0.00000000 0.00000000
vt 0.00000000 0.00000000
vt 0.00000000 0.00000000
vt 0.00000000 0.00000000
vt 0.00000000 0.00000000
vt 0.00000000 0.00000000
vt 0.00000000 0.00000000
vt 0.00000000 0.00000000
vt 0.00000000 0.00000000
vt 0.00000000 0.00000000
vt 0.00000000 0.00000000
vt 0.00000000 0.00000000
vt 0.00000000 0.00000000
vt 0.00000000 0.00000000
vt 0.00000000 0.00000000
vt 0.00000000 0.00000000
vt 0.00000000 0.00000000
vt 0.00000000 0.00000000
vt 0.00000000 0.00000000
vt 0.00000000 0.00000000
vt 0.00000000 0.00000000
vt 0.00000000 0.00000000
vt 0.00000000 0.00000000
vt 0.00000000 0.00000000
vt 0.00000000 0.00000000
vt 0.00000000 0.00000000
vt 0.00000000 0.00000000
vt 0.00000000 0.00000000
vt 0.00000000 0.00000000
vt 0.00000000 0.00000000
vt 0.00000000 0.00000000
vt 0.00000000 0.00000000
vt 0.00000000 0.00000000
vt 0.00000000 0.00000000
vt 0.00000000 0.00000000
vt 0.00000000 0.00000000
vt 0.00000000 0.00000000
vt 0.00000000 0.00000000
vt 0.00000000 0.00000000
vt 0.00000000 0.00000000
vt 0.00000000 0.00000000
vt 0.00000000 0.00000000
vt 0.00000000 0.00000000
vt 0.00000000 0.00000000
vt 0.00000000 0.00000000
vt 0.00000000 0.00000000
vt 0.00000000 0.00000000
vt 0.00000000 0.00000000
vt 0.00000000 0.00000000
vt 0.00000000 0.00000000
vt 0.00000000 0.00000000
vt 0.00000000 0.00000000
vt 0.00000000 0.00000000
vt 0.00000000 0.00000000
vt 0.00000000 0.00000000
vt 0.00000000 0.00000000
vt 0.00000000 0.00000000
vt 0.00000000 0.00000000
vt 0.00000000 0.00000000
vt 0.00000000 0.00000000
vt 0.00000000 0.00000000
vt 0.00000000 0.00000000
vt 0.00000000 0.00000000
vt 0.00000000 0.00000000
vt 0.00000000 0.00000000
vt 0.00000000 0.00000000
vt 0.00000000 0.00000000
vt 0.00000000 0.00000000
vt 0.00000000 0.00000000
vt 0.00000000 0.00000000
vt 0.00000000 0.00000000
vt 0.00000000 0.00000000
vt 0.00000000 0.00000000
vt 0.00000000 0.00000000
vt 0.00000000 0.00000000
vt 0.00000000 0.00000000
vt 0.00000000 0.00000000
vt 0.00000000 0.00000000
vt 0.00000000 0.00000000
vt 0.00000000 0.00000000
vt 0.00000000 0.00000000
vt 0.00000000 0.00000000
vt 0.00000000 0.00000000
vt 0.00000000 0.00000000
vt 0.00000000 0.00000000
vt 0.00000000 0.00000000
vt 0.00000000 0.00000000
vt 0.00000000 0.00000000
vt 0.00000000 0.00000000
vt 0.00000000 0.00000000
vt 0.00000000 0.00000000
vt 0.00000000 0.00000000
vt 0.00000000 0.00000000
vt 0.00000000 0.00000000
vt 0.00000000 0.00000000
vt 0.00000000 0.00000000
vt 0.00000000 0.00000000
vt 0.00000000 0.00000000
vt 0.00000000 0.00000000
vt 0.00000000 0.00000000
vt 0.00000000 0.00000000
vt 0.00000000 0.00000000
vt 0.00000000 0.00000000
vt 0.00000000 0.00000000
vt 0.00000000 0.00000000
vt 0.00000000 0.00000000
vt 0.00000000 0.00000000
vt 0.00000000 0.00000000
vt 0.00000000 0.00000000
vt 0.00000000 0.00000000
vt 0.00000000 0.00000000
vt 0.00000000 0.00000000
vt 0.00000000 0.00000000
vt 0.00000000 0.00000000
vt 0.00000000 0.00000000
vt 0.00000000 0.00000000
vt 0.00000000 0.00000000
vt 0.00000000 0.00000000
vt 0.00000000 0.00000000
vt 0.00000000 0.00000000
vt 0.00000000 0.00000000
vt 0.00000000 0.00000000
vt 0.00000000 0.00000000
vt 0.00000000 0.00000000
vt 0.00000000 0.00000000
vt 0.00000000 0.00000000
vt 0.00000000 0.00000000
vt 0.00000000 0.00000000
vt 0.00000000 0.00000000
vt 0.00000000 0.00000000
vt 0.00000000 0.00000000
vt 0.00000000 0.00000000
vt 0.00000000 0.00000000
vt 0.00000000 0.00000000
vt 0.00000000 0.00000000
vt 0.00000000 0.00000000
vt 0.00000000 0.00000000
vt 0.00000000 0.00000000
vt 0.00000000 0.00000000
vt 0.00000000 0.00000000
vt 0.00000000 0.00000000
vt 0.00000000 0.00000000
vt 0.00000000 0.00000000
vt 0.00000000 0.00000000
vt 0.00000000 0.00000000
vt 0.00000000 0.00000000
vt 0.00000000 0.00000000
vt 0.00000000 0.00000000
vt 0.00000000 0.00000000
vt 0.00000000 0.00000000
vt 0.00000000 0.00000000
vt 0.00000000 0.00000000
vt 0.00000000 0.00000000
vt 0.00000000 0.00000000
vt 0.00000000 0.00000000
vt 0.00000000 0.00000000
vt 0.00000000 0.00000000
vt 0.00000000 0.00000000
vt 0.00000000 0.00000000
vt 0.00000000 0.00000000
vt 0.00000000 0.00000000
vt 0.00000000 0.00000000
vt 0.00000000 0.00000000
vt 0.00000000 0.00000000
vt 0.00000000 0.00000000
vt 0.00000000 0.00000000
vt 0.00000000 0.00000000
vt 0.00000000 0.00000000
vt 0.00000000 0.00000000
vt 0.00000000 0.00000000
vt 0.00000000 0.00000000
vt 0.00000000 0.00000000
vt 0.00000000 0.00000000
vt 0.00000000 0.00000000
vt 0.00000000 0.00000000
vt 0.00000000 0.00000000
vt 0.00000000 0.00000000
vt 0.00000000 0.00000000
vt 0.00000000 0.00000000
vt 0.00000000 0.00000000
vt 0.00000000 0.00000000
vt 0.00000000 0.00000000
vt 0.00000000 0.00000000
vt 0.00000000 0.00000000
vt 0.00000000 0.00000000
vt 0.00000000 0.00000000
vt 0.00000000 0.00000000
vt 0.00000000 0.00000000
vt 0.00000000 0.00000000
vt 0.00000000 0.00000000
vt 0.00000000 0.00000000
vt 0.00000000 0.00000000
vt 0.00000000 0.00000000
vt 0.00000000 0.00000000
vt 0.00000000 0.00000000
vt 0.00000000 0.00000000
vt 0.00000000 0.00000000
vt 0.00000000 0.00000000
vt 0.00000000 0.00000000
vt 0.00000000 0.00000000
vt 0.00000000 0.00000000
vt 0.00000000 0.00000000
vt 0.00000000 0.00000000
vt 0.00000000 0.00000000
vt 0.00000000 0.00000000
vt 0.00000000 0.00000000
vt 0.00000000 0.00000000
vt 0.00000000 0.00000000
vt 0.00000000 0.00000000
vt 0.00000000 0.00000000
vt 0.00000000 0.00000000
vt 0.00000000 0.00000000
vt 0.00000000 0.00000000
vt 0.00000000 0.00000000
vt 0.00000000 0.00000000
vt 0.00000000 0.00000000
vt 0.00000000 0.00000000
vt 0.00000000 0.00000000
vt 0.00000000 0.00000000
vt 0.00000000 0.00000000
vt 0.00000000 0.00000000
vt 0.00000000 0.00000000
vt 0.00000000 0.00000000
vt 0.00000000 0.00000000
vt 0.00000000 0.00000000
vt 0.00000000 0.00000000
vt 0.00000000 0.00000000
vt 0.00000000 0.00000000
vt 0.00000000 0.00000000
vt 0.00000000 0.00000000
vt 0.00000000 0.00000000
vt 0.00000000 0.00000000
vt 0.00000000 0.00000000
vt 0.00000000 0.00000000
vt 0.00000000 0.00000000
vt 0.00000000 0.00000000
vt 0.00000000 0.00000000
vt 0.00000000 0.00000000
vt 0.00000000 0.00000000
vt 0.00000000 0.00000000
vt 0.00000000 0.00000000
vt 0.00000000 0.00000000
vt 0.00000000 0.00000000
vt 0.00000000 0.00000000
vt 0.00000000 0.00000000
vt 0.00000000 0.00000000
vt 0.00000000 0.00000000
vt 0.00000000 0.00000000
vt 0.00000000 0.00000000
vt 0.00000000 0.00000000
vt 0.00000000 0.00000000
vt 0.00000000 0.00000000
vt 0.00000000 0.00000000
vt 0.00000000 0.00000000
vt 0.00000000 0.00000000
vt 0.00000000 0.00000000
vt 0.00000000 0.00000000
vt 0.00000000 0.00000000
vt 0.00000000 0.00000000
vt 0.00000000 0.00000000
vt 0.00000000 0.00000000
vt 0.00000000 0.00000000
vt 0.00000000 0.00000000
vt 0.00000000 0.00000000
vt 0.00000000 0.00000000
vt 0.00000000 0.00000000
vt 0.00000000 0.00000000
vt 0.00000000 0.00000000
vt 0.00000000 0.00000000
vt 0.00000000 0.00000000
vt 0.00000000 0.00000000
vt 0.00000000 0.00000000
vt 0.00000000 0.00000000
vt 0.00000000 0.00000000
vt 0.00000000 0.00000000
vt 0.00000000 0.00000000
vt 0.00000000 0.00000000
vt 0.00000000 0.00000000
vt 0.00000000 0.00000000
vt 0.00000000 0.00000000
vt 0.00000000 0.00000000
vt 0.00000000 0.00000000
vt 0.00000000 0.00000000
vt 0.00000000 0.00000000
vt 0.00000000 0.00000000
vt 0.00000000 0.00000000
vt 0.00000000 0.00000000
vt 0.00000000 0.00000000
vt 0.00000000 0.00000000
vt 0.00000000 0.00000000
vt 0.00000000 0.00000000
vt 0.00000000 0.00000000
vt 0.00000000 0.00000000
vt 0.00000000 0.00000000
vt 0.00000000 0.00000000
vt 0.00000000 0.00000000
vt 0.00000000 0.00000000
vt 0.00000000 0.00000000
vt 0.00000000 0.00000000
vt 0.00000000 0.00000000
vt 0.00000000 0.00000000
vt 0.00000000 0.00000000
vt 0.00000000 0.00000000
vt 0.00000000 0.00000000
vt 0.00000000 0.00000000
vt 0.00000000 0.00000000
vt 0.00000000 0.00000000
vt 0.00000000 0.00000000
vt 0.00000000 0.00000000
vt 0.00000000 0.00000000
vt 0.00000000 0.00000000
vt 0.00000000 0.00000000
vt 0.00000000 0.00000000
vt 0.00000000 0.00000000
vt 0.00000000 0.00000000
vt 0.00000000 0.00000000
vt 0.00000000 0.00000000
vt 0.00000000 0.00000000
vt 0.00000000 0.00000000
vt 0.00000000 0.00000000
vt 0.00000000 0.00000000
vt 0.00000000 0.00000000
vt 0.00000000 0.00000000
vt 0.00000000 0.00000000
vt 0.00000000 0.00000000
vt 0.00000000 0.00000000
vt 0.00000000 0.00000000
vt 0.00000000 0.00000000
vt 0.00000000 0.00000000
vt 0.00000000 0.00000000
vt 0.00000000 0.00000000
vt 0.00000000 0.00000000
vt 0.00000000 0.00000000
vt 0.00000000 0.00000000
vt 0.00000000 0.00000000
vt 0.00000000 0.00000000
vt 0.00000000 0.00000000
vt 0.00000000 0.00000000
vt 0.00000000 0.00000000
vt 0.00000000 0.00000000
vt 0.00000000 0.00000000
vt 0.00000000 0.00000000
vt 0.00000000 0.00000000
vt 0.00000000 0.00000000
vt 0.00000000 0.00000000
vt 0.00000000 0.00000000
vt 0.00000000 0.00000000
vt 0.00000000 0.00000000
vt 0.00000000 0.00000000
vt 0.00000000 0.00000000
vt 0.00000000 0.00000000
vt 0.00000000 0.00000000
vt 0.00000000 0.00000000
vt 0.00000000 0.00000000
vt 0.00000000 0.00000000
vt 0.00000000 0.00000000
vt 0.00000000 0.00000000
vt 0.00000000 0.00000000
vt 0.00000000 0.00000000
vt 0.00000000 0.00000000
vt 0.00000000 0.00000000
vt 0.00000000 0.00000000
vt 0.00000000 0.00000000
vt 0.00000000 0.00000000
vt 0.00000000 0.00000000
vt 0.00000000 0.00000000
vt 0.00000000 0.00000000
vt 0.00000000 0.00000000
vt 0.00000000 0.00000000
vt 0.00000000 0.00000000
vt 0.00000000 0.00000000
vt 0.00000000 0.00000000
vt 0.00000000 0.00000000
vt 0.00000000 0.00000000
vt 0.00000000 0.00000000
vt 0.00000000 0.00000000
vt 0.00000000 0.00000000
vt 0.00000000 0.00000000
vt 0.00000000 0.00000000
vt 0.00000000 0.00000000
vt 0.00000000 0.00000000
vt 0.00000000 0.00000000
vt 0.00000000 0.00000000
vt 0.00000000 0.00000000
vt 0.00000000 0.00000000
vt 0.00000000 0.00000000
vt 0.00000000 0.00000000
vt 0.00000000 0.00000000
vt 0.00000000 0.00000000
vt 0.00000000 0.00000000
vt 0.00000000 0.00000000
vt 0.00000000 0.00000000
vt 0.00000000 0.00000000
vt 0.00000000 0.00000000
vt 0.00000000 0.00000000
vt 0.00000000 0.00000000
vt 0.00000000 0.00000000
vt 0.00000000 0.00000000
vt 0.00000000 0.00000000
vt 0.00000000 0.00000000
vt 0.00000000 0.00000000
vt 0.00000000 0.00000000
vt 0.00000000 0.00000000
vt 0.00000000 0.00000000
vt 0.00000000 0.00000000
vt 0.00000000 0.00000000
vt 0.00000000 0.00000000
vt 0.00000000 0.00000000
vt 0.00000000 0.00000000
vt 0.00000000 0.00000000
vt 0.00000000 0.00000000
vt 0.00000000 0.00000000
vt 0.00000000 0.00000000
vt 0.00000000 0.00000000
vt 0.00000000 0.00000000
vt 0.00000000 0.00000000
vt 0.00000000 0.00000000
vt 0.00000000 0.00000000
vt 0.00000000 0.00000000
vt 0.00000000 0.00000000
vt 0.00000000 0.00000000
vt 0.00000000 0.00000000
vt 0.00000000 0.00000000
vt 0.00000000 0.00000000
vt 0.00000000 0.00000000
vt 0.00000000 0.00000000
vt 0.00000000 0.00000000
vt 0.00000000 0.00000000
vt 0.00000000 0.00000000
vt 0.00000000 0.00000000
vt 0.00000000 0.00000000
vt 0.00000000 0.00000000
vt 0.00000000 0.00000000
vt 0.00000000 0.00000000
vt 0.00000000 0.00000000
vt 0.00000000 0.00000000
vt 0.00000000 0.00000000
vt 0.00000000 0.00000000
vt 0.00000000 0.00000000
vt 0.00000000 0.00000000
vt 0.00000000 0.00000000
vt 0.00000000 0.00000000
vt 0.00000000 0.00000000
vt 0.00000000 0.00000000
vt 0.00000000 0.00000000
vt 0.00000000 0.00000000
vt 0.00000000 0.00000000
vt 0.00000000 0.00000000
vt 0.00000000 0.00000000
vt 0.00000000 0.00000000
vt 0.00000000 0.00000000
vt 0.00000000 0.00000000
vt 0.00000000 0.00000000
vt 0.00000000 0.00000000
vt 0.00000000 0.00000000
vt 0.00000000 0.00000000
vt 0.00000000 0.00000000
vt 0.00000000 0.00000000
vt 0.00000000 0.00000000
vt 0.00000000 0.00000000
vt 0.00000000 0.00000000
vt 0.00000000 0.00000000
vt 0.00000000 0.00000000
vt 0.00000000 0.00000000
vt 0.00000000 0.00000000
vt 0.00000000 0.00000000
vt 0.00000000 0.00000000
vt 0.00000000 0.00000000
vt 0.00000000 0.00000000
vt 0.00000000 0.00000000
vt 0.00000000 0.00000000
vt 0.00000000 0.00000000
vt 0.00000000 0.00000000
vt 0.00000000 0.00000000
vt 0.00000000 0.00000000
vt 0.00000000 0.00000000
vt 0.00000000 0.00000000
vt 0.00000000 0.00000000
vt 0.00000000 0.00000000
vt 0.00000000 0.00000000
vt 0.00000000 0.00000000
vt 0.00000000 0.00000000
vt 0.00000000 0.00000000
vt 0.00000000 0.00000000
vt 0.00000000 0.00000000
vt 0.00000000 0.00000000
vt 0.00000000 0.00000000
vt 0.00000000 0.00000000
vt 0.00000000 0.00000000
vt 0.00000000 0.00000000
vt 0.00000000 0.00000000
vt 0.00000000 0.00000000
vt 0.00000000 0.00000000
vt 0.00000000 0.00000000
vt 0.00000000 0.00000000
vt 0.00000000 0.00000000
vt 0.00000000 0.00000000
vt 0.00000000 0.00000000
vt 0.00000000 0.00000000
vt 0.00000000 0.00000000
vt 0.00000000 0.00000000
vt 0.00000000 0.00000000
vt 0.00000000 0.00000000
vt 0.00000000 0.00000000
vt 0.00000000 0.00000000
vt 0.00000000 0.00000000
vt 0.00000000 0.00000000
vt 0.00000000 0.00000000
vt 0.00000000 0.00000000
vt 0.00000000 0.00000000
vt 0.00000000 0.00000000
vt 0.00000000 0.00000000
vt 0.00000000 0.00000000
vt 0.00000000 0.00000000
vt 0.00000000 0.00000000
vt 0.00000000 0.00000000
vt 0.00000000 0.00000000
vt 0.00000000 0.00000000
vt 0.00000000 0.00000000
vt 0.00000000 0.00000000
vt 0.00000000 0.00000000
vt 0.00000000 0.00000000
vt 0.00000000 0.00000000
vt 0.00000000 0.00000000
vt 0.00000000 0.00000000
vt 0.00000000 0.00000000
vt 0.00000000 0.00000000
vt 0.00000000 0.00000000
vt 0.00000000 0.00000000
vt 0.00000000 0.00000000
vt 0.00000000 0.00000000
vt 0.00000000 0.00000000
vt 0.00000000 0.00000000
vt 0.00000000 0.00000000
vt 0.00000000 0.00000000
vt 0.00000000 0.00000000
vt 0.00000000 0.00000000
vt 0.00000000 0.00000000
vt 0.00000000 0.00000000
vt 0.00000000 0.00000000
vt 0.00000000 0.00000000
vt 0.00000000 0.00000000
vt 0.00000000 0.00000000
vt 0.00000000 0.00000000
vt 0.00000000 0.00000000
vt 0.00000000 0.00000000
vt 0.00000000 0.00000000
vt 0.00000000 0.00000000
vt 0.00000000 0.00000000
vt 0.00000000 0.00000000
vt 0.00000000 0.00000000
vt 0.00000000 0.00000000
vt 0.00000000 0.00000000
vt 0.00000000 0.00000000
vt 0.00000000 0.00000000
vt 0.00000000 0.00000000
vt 0.00000000 0.00000000
vt 0.00000000 0.00000000
vt 0.00000000 0.00000000
vt 0.00000000 0.00000000
vt 0.00000000 0.00000000
vt 0.00000000 0.00000000
vt 0.00000000 0.00000000
vt 0.00000000 0.00000000
vt 0.00000000 0.00000000
vt 0.00000000 0.00000000
vt 0.00000000 0.00000000
vt 0.00000000 0.00000000
vt 0.00000000 0.00000000
vt 0.00000000 0.00000000
vt 0.00000000 0.00000000
vt 0.00000000 0.00000000
vt 0.00000000 0.00000000
vt 0.00000000 0.00000000
vt 0.00000000 0.00000000
vt 0.00000000 0.00000000
vt 0.00000000 0.00000000
vt 0.00000000 0.00000000
vt 0.00000000 0.00000000
vt 0.00000000 0.00000000
vt 0.00000000 0.00000000
vt 0.00000000 0.00000000
vt 0.00000000 0.00000000
vt 0.00000000 0.00000000
vt 0.00000000 0.00000000
vt 0.00000000 0.00000000
vt 0.00000000 0.00000000
vt 0.00000000 0.00000000
vt 0.00000000 0.00000000
vt 0.00000000 0.00000000
vt 0.00000000 0.00000000
vt 0.00000000 0.00000000
vt 0.00000000 0.00000000
vt 0.00000000 0.00000000
vt 0.00000000 0.00000000
vt 0.00000000 0.00000000
vt 0.00000000 0.00000000
vt 0.00000000 0.00000000
vt 0.00000000 0.00000000
vt 0.00000000 0.00000000
vt 0.00000000 0.00000000
vt 0.00000000 0.00000000
vt 0.00000000 0.00000000
vt 0.00000000 0.00000000
vt 0.00000000 0.00000000
vt 0.00000000 0.00000000
vt 0.00000000 0.00000000
vt 0.00000000 0.00000000
vt 0.00000000 0.00000000
vt 0.00000000 0.00000000
vt 0.00000000 0.00000000
vt 0.00000000 0.00000000
vt 0.00000000 0.00000000
vt 0.00000000 0.00000000
vt 0.00000000 0.00000000
vt 0.00000000 0.00000000
vt 0.00000000 0.00000000
vt 0.00000000 0.00000000
vt 0.00000000 0.00000000
vt 0.00000000 0.00000000
vt 0.00000000 0.00000000
vt 0.00000000 0.00000000
vt 0.00000000 0.00000000
vt 0.00000000 0.00000000
vt 0.00000000 0.00000000
vt 0.00000000 0.00000000
vt 0.00000000 0.00000000
vt 0.00000000 0.00000000
vt 0.00000000 0.00000000
vt 0.00000000 0.00000000
vt 0.00000000 0.00000000
vt 0.00000000 0.00000000
vt 0.00000000 0.00000000
vt 0.00000000 0.00000000
vt 0.00000000 0.00000000
vt 0.00000000 0.00000000
vt 0.00000000 0.00000000
vt 0.00000000 0.00000000
vt 0.00000000 0.00000000
vt 0.00000000 0.00000000
vt 0.00000000 0.00000000
vt 0.00000000 0.00000000
vt 0.00000000 0.00000000
vt 0.00000000 0.00000000
vt 0.00000000 0.00000000
vt 0.00000000 0.00000000
vt 0.00000000 0.00000000
vt 0.00000000 0.00000000
vt 0.00000000 0.00000000
vt 0.00000000 0.00000000
vt 0.00000000 0.00000000
vt 0.00000000 0.00000000
vt 0.00000000 0.00000000
vt 0.00000000 0.00000000
vt 0.00000000 0.00000000
vt 0.00000000 0.00000000
vt 0.00000000 0.00000000
vt 0.00000000 0.00000000
vt 0.00000000 0.00000000
vt 0.00000000 0.00000000
vt 0.00000000 0.00000000
vt 0.00000000 0.00000000
vt 0.00000000 0.00000000
vt 0.00000000 0.00000000
vt 0.00000000 0.00000000
vt 0.00000000 0.00000000
vt 0.00000000 0.00000000
vt 0.00000000 0.00000000
vt 0.00000000 0.00000000
vt 0.00000000 0.00000000
vt 0.00000000 0.00000000
vt 0.00000000 0.00000000
vt 0.00000000 0.00000000
vt 0.00000000 0.00000000
vt 0.00000000 0.00000000
vt 0.00000000 0.00000000
vt 0.00000000 0.00000000
vt 0.00000000 0.00000000
vt 0.00000000 0.00000000
vt 0.00000000 0.00000000
vt 0.00000000 0.00000000
vt 0.00000000 0.00000000
vt 0.00000000 0.00000000
vt 0.00000000 0.00000000
vt 0.00000000 0.00000000
vt 0.00000000 0.00000000
vt 0.00000000 0.00000000
vt 0.00000000 0.00000000
vt 0.00000000 0.00000000
vt 0.00000000 0.00000000
vt 0.00000000 0.00000000
vt 0.00000000 0.00000000
vt 0.00000000 0.00000000
vt 0.00000000 0.00000000
vt 0.00000000 0.00000000
vt 0.00000000 0.00000000
vt 0.00000000 0.00000000
vt 0.00000000 0.00000000
vt 0.00000000 0.00000000
vt 0.00000000 0.00000000
vt 0.00000000 0.00000000
vt 0.00000000 0.00000000
vt 0.00000000 0.00000000
vt 0.00000000 0.00000000
vt 0.00000000 0.00000000
vt 0.00000000 0.00000000
vt 0.00000000 0.00000000
vt 0.00000000 0.00000000
vt 0.00000000 0.00000000
vt 0.00000000 0.00000000
vt 0.00000000 0.00000000
vt 0.00000000 0.00000000
vt 0.00000000 0.00000000
vt 0.00000000 0.00000000
vt 0.00000000 0.00000000
vt 0.00000000 0.00000000
vt 0.00000000 0.00000000
vt 0.00000000 0.00000000
vt 0.00000000 0.00000000
vt 0.00000000 0.00000000
vt 0.00000000 0.00000000
vt 0.00000000 0.00000000
vt 0.00000000 0.00000000
vt 0.00000000 0.00000000
vt 0.00000000 0.00000000
vt 0.00000000 0.00000000
vt 0.00000000 0.00000000
vt 0.00000000 0.00000000
vt 0.00000000 0.00000000
vt 0.00000000 0.00000000
vt 0.00000000 0.00000000
vt 0.00000000 0.00000000
vt 0.00000000 0.00000000
vt 0.00000000 0.00000000
vt 0.00000000 0.00000000
vt 0.00000000 0.00000000
vt 0.00000000 0.00000000
vt 0.00000000 0.00000000
vt 0.00000000 0.00000000
vt 0.00000000 0.00000000
vt 0.00000000 0.00000000
vt 0.00000000 0.00000000
vt 0.00000000 0.00000000
vt 0.00000000 0.00000000
vt 0.00000000 0.00000000
vt 0.00000000 0.00000000
vt 0.00000000 0.00000000
vt 0.00000000 0.00000000
vt 0.00000000 0.00000000
vt 0.00000000 0.00000000
vt 0.00000000 0.00000000
vt 0.00000000 0.00000000
vt 0.00000000 0.00000000
vt 0.00000000 0.00000000
vt 0.00000000 0.00000000
vt 0.00000000 0.00000000
vt 0.00000000 0.00000000
vt 0.00000000 0.00000000
vt 0.00000000 0.00000000
vt 0.00000000 0.00000000
vt 0.00000000 0.00000000
vt 0.00000000 0.00000000
vt 0.00000000 0.00000000
vt 0.00000000 0.00000000
vt 0.00000000 0.00000000
vt 0.00000000 0.00000000
vt 0.00000000 0.00000000
vt 0.00000000 0.00000000
vt 0.00000000 0.00000000
vt 0.00000000 0.00000000
vt 0.00000000 0.00000000
vt 0.00000000 0.00000000
vt 0.00000000 0.00000000
vt 0.00000000 0.00000000
vt 0.00000000 0.00000000
vt 0.00000000 0.00000000
vt 0.00000000 0.00000000
vt 0.00000000 0.00000000
vt 0.00000000 0.00000000
vt 0.00000000 0.00000000
vt 0.00000000 0.00000000
vt 0.00000000 0.00000000
vt 0.00000000 0.00000000
vt 0.00000000 0.00000000
vt 0.00000000 0.00000000
vt 0.00000000 0.00000000
vt 0.00000000 0.00000000
vt 0.00000000 0.00000000
vt 0.00000000 0.00000000
vt 0.00000000 0.00000000
vt 0.00000000 0.00000000
vt 0.00000000 0.00000000
vt 0.00000000 0.00000000
vt 0.00000000 0.00000000
vt 0.00000000 0.00000000
vt 0.00000000 0.00000000
vt 0.00000000 0.00000000
vt 0.00000000 0.00000000
vt 0.00000000 0.00000000
vt 0.00000000 0.00000000
vt 0.00000000 0.00000000
vt 0.00000000 0.00000000
vt 0.00000000 0.00000000
vt 0.00000000 0.00000000
vt 0.00000000 0.00000000
vt 0.00000000 0.00000000
vt 0.00000000 0.00000000
vt 0.00000000 0.00000000
vt 0.00000000 0.00000000
vt 0.00000000 0.00000000
vt 0.00000000 0.00000000
vt 0.00000000 0.00000000
vt 0.00000000 0.00000000
vt 0.00000000 0.00000000
vt 0.00000000 0.00000000
vt 0.00000000 0.00000000
vt 0.00000000 0.00000000
vt 0.00000000 0.00000000
vt 0.00000000 0.00000000
vt 0.00000000 0.00000000
vt 0.00000000 0.00000000
vt 0.00000000 0.00000000
vt 0.00000000 0.00000000
vt 0.00000000 0.00000000
vt 0.00000000 0.00000000
vt 0.00000000 0.00000000
vt 0.00000000 0.00000000
vt 0.00000000 0.00000000
vt 0.00000000 0.00000000
vt 0.00000000 0.00000000
vt 0.00000000 0.00000000
vt 0.00000000 0.00000000
vt 0.00000000 0.00000000
vt 0.00000000 0.00000000
vt 0.00000000 0.00000000
vt 0.00000000 0.00000000
vt 0.00000000 0.00000000
vt 0.00000000 0.00000000
vt 0.00000000 0.00000000
vt 0.00000000 0.00000000
vt 0.00000000 0.00000000
vt 0.00000000 0.00000000
vt 0.00000000 0.00000000
vt 0.00000000 0.00000000
vt 0.00000000 0.00000000
vt 0.00000000 0.00000000
vt 0.00000000 0.00000000
vt 0.00000000 0.00000000
vt 0.00000000 0.00000000
vt 0.00000000 0.00000000
vt 0.00000000 0.00000000
vt 0.00000000 0.00000000
vt 0.00000000 0.00000000
vt 0.00000000 0.00000000
vt 0.00000000 0.00000000
vt 0.00000000 0.00000000
vt 0.00000000 0.00000000
vt 0.00000000 0.00000000
vt 0.00000000 0.00000000
vt 0.00000000 0.00000000
vt 0.00000000 0.00000000
vt 0.00000000 0.00000000
vt 0.00000000 0.00000000
vt 0.00000000 0.00000000
vt 0.00000000 0.00000000
vt 0.00000000 0.00000000
vt 0.00000000 0.00000000
vt 0.00000000 0.00000000
vt 0.00000000 0.00000000
vt 0.00000000 0.00000000
vt 0.00000000 0.00000000
vt 0.00000000 0.00000000
vt 0.00000000 0.00000000
vt 0.00000000 0.00000000
vt 0.00000000 0.00000000
vt 0.00000000 0.00000000
vt 0.00000000 0.00000000
vt 0.00000000 0.00000000
vt 0.00000000 0.00000000
vt 0.00000000 0.00000000
vt 0.00000000 0.00000000
vt 0.00000000 0.00000000
vt 0.00000000 0.00000000
vt 0.00000000 0.00000000
vt 0.00000000 0.00000000
vt 0.00000000 0.00000000
vt 0.00000000 0.00000000
vt 0.00000000 0.00000000
vt 0.00000000 0.00000000
vt 0.00000000 0.00000000
vt 0.00000000 0.00000000
vt 0.00000000 0.00000000
vt 0.00000000 0.00000000
vt 0.00000000 0.00000000
vt 0.00000000 0.00000000
vt 0.00000000 0.00000000
vt 0.00000000 0.00000000
vt 0.00000000 0.00000000
vt 0.00000000 0.00000000
vt 0.00000000 0.00000000
vt 0.00000000 0.00000000
vt 0.00000000 0.00000000
vt 0.00000000 0.00000000
vt 0.00000000 0.00000000
vt 0.00000000 0.00000000
vt 0.00000000 0.00000000
vt 0.00000000 0.00000000
vt 0.00000000 0.00000000
vt 0.00000000 0.00000000
vt 0.00000000 0.00000000
vt 0.00000000 0.00000000
vt 0.00000000 0.00000000
vt 0.00000000 0.00000000
vt 0.00000000 0.00000000
vt 0.00000000 0.00000000
vt 0.00000000 0.00000000
vt 0.00000000 0.00000000
vt 0.00000000 0.00000000
vt 0.00000000 0.00000000
vt 0.00000000 0.00000000
vt 0.00000000 0.00000000
vt 0.00000000 0.00000000
vt 0.00000000 0.00000000
vt 0.00000000 0.00000000
vt 0.00000000 0.00000000
vt 0.00000000 0.00000000
vt 0.00000000 0.00000000
vt 0.00000000 0.00000000
vt 0.00000000 0.00000000
vt 0.00000000 0.00000000
vt 0.00000000 0.00000000
vt 0.00000000 0.00000000
vt 0.00000000 0.00000000
vt 0.00000000 0.00000000
vt 0.00000000 0.00000000
vt 0.00000000 0.00000000
vt 0.00000000 0.00000000
vt 0.00000000 0.00000000
vt 0.00000000 0.00000000
vt 0.00000000 0.00000000
vt 0.00000000 0.00000000
vt 0.00000000 0.00000000
vt 0.00000000 0.00000000
vt 0.00000000 0.00000000
vt 0.00000000 0.00000000
vt 0.00000000 0.00000000
vt 0.00000000 0.00000000
vt 0.00000000 0.00000000
vt 0.00000000 0.00000000
vt 0.00000000 0.00000000
vt 0.00000000 0.00000000
vt 0.00000000 0.00000000
vt 0.00000000 0.00000000
vt 0.00000000 0.00000000
vt 0.00000000 0.00000000
vt 0.00000000 0.00000000
vt 0.00000000 0.00000000
vt 0.00000000 0.00000000
vt 0.00000000 0.00000000
vt 0.00000000 0.00000000
vt 0.00000000 0.00000000
vt 0.00000000 0.00000000
vt 0.00000000 0.00000000
vt 0.00000000 0.00000000
vt 0.00000000 0.00000000
vt 0.00000000 0.00000000
vt 0.00000000 0.00000000
vt 0.00000000 0.00000000
vt 0.00000000 0.00000000
vt 0.00000000 0.00000000
vt 0.00000000 0.00000000
vt 0.00000000 0.00000000
vt 0.00000000 0.00000000
vt 0.00000000 0.00000000
vt 0.00000000 0.00000000
vt 0.00000000 0.00000000
vt 0.00000000 0.00000000
vt 0.00000000 0.00000000
vt 0.00000000 0.00000000
vt 0.00000000 0.00000000
vt 0.00000000 0.00000000
vt 0.00000000 0.00000000
vt 0.00000000 0.00000000
vt 0.00000000 0.00000000
vt 0.00000000 0.00000000
vt 0.00000000 0.00000000
vt 0.00000000 0.00000000
vt 0.00000000 0.00000000
vt 0.00000000 0.00000000
vt 0.00000000 0.00000000
vt 0.00000000 0.00000000
vt 0.00000000 0.00000000
vt 0.00000000 0.00000000
vt 0.00000000 0.00000000
vt 0.00000000 0.00000000
vt 0.00000000 0.00000000
vt 0.00000000 0.00000000
vt 0.00000000 0.00000000
vt 0.00000000 0.00000000
vt 0.00000000 0.00000000
vt 0.00000000 0.00000000
vt 0.00000000 0.00000000
vt 0.00000000 0.00000000
vt 0.00000000 0.00000000
vt 0.00000000 0.00000000
vt 0.00000000 0.00000000
vt 0.00000000 0.00000000
vt 0.00000000 0.00000000
vt 0.00000000 0.00000000
vt 0.00000000 0.00000000
vt 0.00000000 0.00000000
vt 0.00000000 0.00000000
vt 0.00000000 0.00000000
vt 0.00000000 0.00000000
vt 0.00000000 0.00000000
vt 0.00000000 0.00000000
vt 0.00000000 0.00000000
vt 0.00000000 0.00000000
vt 0.00000000 0.00000000
vt 0.00000000 0.00000000
vt 0.00000000 0.00000000
vt 0.00000000 0.00000000
vt 0.00000000 0.00000000
vt 0.00000000 0.00000000
vt 0.00000000 0.00000000
vt 0.00000000 0.00000000
vt 0.00000000 0.00000000
vt 0.00000000 0.00000000
vt 0.00000000 0.00000000
vt 0.00000000 0.00000000
vt 0.00000000 0.00000000
vt 0.00000000 0.00000000
vt 0.00000000 0.00000000
vt 0.00000000 0.00000000
vt 0.00000000 0.00000000
vt 0.00000000 0.00000000
vt 0.00000000 0.00000000
vt 0.00000000 0.00000000
vt 0.00000000 0.00000000
vt 0.00000000 0.00000000
vt 0.00000000 0.00000000
vt 0.00000000 0.00000000
vt 0.00000000 0.00000000
vt 0.00000000 0.00000000
vt 0.00000000 0.00000000
vt 0.00000000 0.00000000
vt 0.00000000 0.00000000
vt 0.00000000 0.00000000
vt 0.00000000 0.00000000
vt 0.00000000 0.00000000
vt 0.00000000 0.00000000
vt 0.00000000 0.00000000
vt 0.00000000 0.00000000
vt 0.00000000 0.00000000
vt 0.00000000 0.00000000
vt 0.00000000 0.00000000
vt 0.00000000 0.00000000
vt 0.00000000 0.00000000
vt 0.00000000 0.00000000
vt 0.00000000 0.00000000
vt 0.00000000 0.00000000
vt 0.00000000 0.00000000
vt 0.00000000 0.00000000
vt 0.00000000 0.00000000
vt 0.00000000 0.00000000
vt 0.00000000 0.00000000
vt 0.00000000 0.00000000
vt 0.00000000 0.00000000
vt 0.00000000 0.00000000
vt 0.00000000 0.00000000
vt 0.00000000 0.00000000
vt 0.00000000 0.00000000
vt 0.00000000 0.00000000
vt 0.00000000 0.00000000
vt 0.00000000 0.00000000
vt 0.00000000 0.00000000
vt 0.00000000 0.00000000
vt 0.00000000 0.00000000
vt 0.00000000 0.00000000
vt 0.00000000 0.00000000
vt 0.00000000 0.00000000
vt 0.00000000 0.00000000
vt 0.00000000 0.00000000
vt 0.00000000 0.00000000
vt 0.00000000 0.00000000
vt 0.00000000 0.00000000
vt 0.00000000 0.00000000
vt 0.00000000 0.00000000
vt 0.00000000 0.00000000
vt 0.00000000 0.00000000
vt 0.00000000 0.00000000
vt 0.00000000 0.00000000
vt 0.00000000 0.00000000
vt 0.00000000 0.00000000
vt 0.00000000 0.00000000
vt 0.00000000 0.00000000
vt 0.00000000 0.00000000
vt 0.00000000 0.00000000
vt 0.00000000 0.00000000
vt 0.00000000 0.00000000
vt 0.00000000 0.00000000
vt 0.00000000 0.00000000
vt 0.00000000 0.00000000
vt 0.00000000 0.00000000
vt 0.00000000 0.00000000
vt 0.00000000 0.00000000
vt 0.00000000 0.00000000
vt 0.00000000 0.00000000
vt 0.00000000 0.00000000
vt 0.00000000 0.00000000
vt 0.00000000 0.00000000
vt 0.00000000 0.00000000
vt 0.00000000 0.00000000
vt 0.00000000 0.00000000
vt 0.00000000 0.00000000
vt 0.00000000 0.00000000
vt 0.00000000 0.00000000
vt 0.00000000 0.00000000
vt 0.00000000 0.00000000
vt 0.00000000 0.00000000
vt 0.00000000 0.00000000
vt 0.00000000 0.00000000
vt 0.00000000 0.00000000
vt 0.00000000 0.00000000
vt 0.00000000 0.00000000
vt 0.00000000 0.00000000
vt 0.00000000 0.00000000
vt 0.00000000 0.00000000
vt 0.00000000 0.00000000
vt 0.00000000 0.00000000
vt 0.00000000 0.00000000
vt 0.00000000 0.00000000
vt 0.00000000 0.00000000
vt 0.00000000 0.00000000
vt 0.00000000 0.00000000
vt 0.00000000 0.00000000
vt 0.00000000 0.00000000
vt 0.00000000 0.00000000
vt 0.00000000 0.00000000
vt 0.00000000 0.00000000
vt 0.00000000 0.00000000
vt 0.00000000 0.00000000
vt 0.00000000 0.00000000
vt 0.00000000 0.00000000
vt 0.00000000 0.00000000
vt 0.00000000 0.00000000
vt 0.00000000 0.00000000
vt 0.00000000 0.00000000
vt 0.00000000 0.00000000
vt 0.00000000 0.00000000
vt 0.00000000 0.00000000
vt 0.00000000 0.00000000
vt 0.00000000 0.00000000
vt 0.00000000 0.00000000
vt 0.00000000 0.00000000
vt 0.00000000 0.00000000
vt 0.00000000 0.00000000
vt 0.00000000 0.00000000
vt 0.00000000 0.00000000
vt 0.00000000 0.00000000
vt 0.00000000 0.00000000
vt 0.00000000 0.00000000
vt 0.00000000 0.00000000
vt 0.00000000 0.00000000
vt 0.00000000 0.00000000
vt 0.00000000 0.00000000
vt 0.00000000 0.00000000
vt 0.00000000 0.00000000
vt 0.00000000 0.00000000
vt 0.00000000 0.00000000
vt 0.00000000 0.00000000
vt 0.00000000 0.00000000
vt 0.00000000 0.00000000
vt 0.00000000 0.00000000
vt 0.00000000 0.00000000
vt 0.00000000 0.00000000
vt 0.00000000 0.00000000
vt 0.00000000 0.00000000
vt 0.00000000 0.00000000
vt 0.00000000 0.00000000
vt 0.00000000 0.00000000
vt 0.00000000 0.00000000
vt 0.00000000 0.00000000
vt 0.00000000 0.00000000
vt 0.00000000 0.00000000
vt 0.00000000 0.00000000
vt 0.00000000 0.00000000
vt 0.00000000 0.00000000
vt 0.00000000 0.00000000
vt 0.00000000 0.00000000
vt 0.00000000 0.00000000
vt 0.00000000 0.00000000
vt 0.00000000 0.00000000
vt 0.00000000 0.00000000
vt 0.00000000 0.00000000
vt 0.00000000 0.00000000
vt 0.00000000 0.00000000
vt 0.00000000 0.00000000
vt 0.00000000 0.00000000
vt 0.00000000 0.00000000
vt 0.00000000 0.00000000
vt 0.00000000 0.00000000
vt 0.00000000 0.00000000
vt 0.00000000 0.00000000
vt 0.00000000 0.00000000
vt 0.00000000 0.00000000
vt 0.00000000 0.00000000
vt 0.00000000 0.00000000
vt 0.00000000 0.00000000
vt 0.00000000 0.00000000
vt 0.00000000 0.00000000
vt 0.00000000 0.00000000
vt 0.00000000 0.00000000
vt 0.00000000 0.00000000
vt 0.00000000 0.00000000
vt 0.00000000 0.00000000
vt 0.00000000 0.00000000
vt 0.00000000 0.00000000
vt 0.00000000 0.00000000
vt 0.00000000 0.00000000
vt 0.00000000 0.00000000
vt 0.00000000 0.00000000
vt 0.00000000 0.00000000
vt 0.00000000 0.00000000
vt 0.00000000 0.00000000
vt 0.00000000 0.00000000
vt 0.00000000 0.00000000
vt 0.00000000 0.00000000
vt 0.00000000 0.00000000
vt 0.00000000 0.00000000
vt 0.00000000 0.00000000
vt 0.00000000 0.00000000
vt 0.00000000 0.00000000
vt 0.00000000 0.00000000
vt 0.00000000 0.00000000
vt 0.00000000 0.00000000
vt 0.00000000 0.00000000
vt 0.00000000 0.00000000
vt 0.00000000 0.00000000
vt 0.00000000 0.00000000
vt 0.00000000 0.00000000
vt 0.00000000 0.00000000
vt 0.00000000 0.00000000
vt 0.00000000 0.00000000
vt 0.00000000 0.00000000
vt 0.00000000 0.00000000
vt 0.00000000 0.00000000
vt 0.00000000 0.00000000
vt 0.00000000 0.00000000
vt 0.00000000 0.00000000
vt 0.00000000 0.00000000
vt 0.00000000 0.00000000
vt 0.00000000 0.00000000
vt 0.00000000 0.00000000
vt 0.00000000 0.00000000
vt 0.00000000 0.00000000
vt 0.00000000 0.00000000
vt 0.00000000 0.00000000
vt 0.00000000 0.00000000
vt 0.00000000 0.00000000
vt 0.00000000 0.00000000
vt 0.00000000 0.00000000
vt 0.00000000 0.00000000
vt 0.00000000 0.00000000
vt 0.00000000 0.00000000
vt 0.00000000 0.00000000
vt 0.00000000 0.00000000
vt 0.00000000 0.00000000
vt 0.00000000 0.00000000
vt 0.00000000 0.00000000
vt 0.00000000 0.00000000
vt 0.00000000 0.00000000
vt 0.00000000 0.00000000
vt 0.00000000 0.00000000
vt 0.00000000 0.00000000
vt 0.00000000 0.00000000
vt 0.00000000 0.00000000
vt 0.00000000 0.00000000
vt 0.00000000 0.00000000
vt 0.00000000 0.00000000
vt 0.00000000 0.00000000
vt 0.00000000 0.00000000
vt 0.00000000 0.00000000
vt 0.00000000 0.00000000
vt 0.00000000 0.00000000
vt 0.00000000 0.00000000
vt 0.00000000 0.00000000
vt 0.00000000 0.00000000
vt 0.00000000 0.00000000
vt 0.00000000 0.00000000
vt 0.00000000 0.00000000
vt 0.00000000 0.00000000
vt 0.00000000 0.00000000
vt 0.00000000 0.00000000
vt 0.00000000 0.00000000
vt 0.00000000 0.00000000
vt 0.00000000 0.00000000
vt 0.00000000 0.00000000
vt 0.00000000 0.00000000
vt 0.00000000 0.00000000
vt 0.00000000 0.00000000
vt 0.00000000 0.00000000
vt 0.00000000 0.00000000
vt 0.00000000 0.00000000
vt 0.00000000 0.00000000
vt 0.00000000 0.00000000
vt 0.00000000 0.00000000
vt 0.00000000 0.00000000
vt 0.00000000 0.00000000
vt 0.00000000 0.00000000
vt 0.00000000 0.00000000
vt 0.00000000 0.00000000
vt 0.00000000 0.00000000
vt 0.00000000 0.00000000
vt 0.00000000 0.00000000
vt 0.00000000 0.00000000
vt 0.00000000 0.00000000
vt 0.00000000 0.00000000
vt 0.00000000 0.00000000
vt 0.00000000 0.00000000
vt 0.00000000 0.00000000
vt 0.00000000 0.00000000
vt 0.00000000 0.00000000
vt 0.00000000 0.00000000
vt 0.00000000 0.00000000
vt 0.00000000 0.00000000
vt 0.00000000 0.00000000
vt 0.00000000 0.00000000
vt 0.00000000 0.00000000
vt 0.00000000 0.00000000
vt 0.00000000 0.00000000
vt 0.00000000 0.00000000
vt 0.00000000 0.00000000
vt 0.00000000 0.00000000
vt 0.00000000 0.00000000
vt 0.00000000 0.00000000
vt 0.00000000 0.00000000
vt 0.00000000 0.00000000
vt 0.00000000 0.00000000
vt 0.00000000 0.00000000
vt 0.00000000 0.00000000
vt 0.00000000 0.00000000
vt 0.00000000 0.00000000
vt 0.00000000 0.00000000
vt 0.00000000 0.00000000
vt 0.00000000 0.00000000
vt 0.00000000 0.00000000
vt 0.00000000 0.00000000
vt 0.00000000 0.00000000
vt 0.00000000 0.00000000
vt 0.00000000 0.00000000
vt 0.00000000 0.00000000
vt 0.00000000 0.00000000
vt 0.00000000 0.00000000
vt 0.00000000 0.00000000
vt 0.00000000 0.00000000
vt 0.00000000 0.00000000
vt 0.00000000 0.00000000
vt 0.00000000 0.00000000
vt 0.00000000 0.00000000
vt 0.00000000 0.00000000
vt 0.00000000 0.00000000
vt 0.00000000 0.00000000
vt 0.00000000 0.00000000
vt 0.00000000 0.00000000
vt 0.00000000 0.00000000
vt 0.00000000 0.00000000
vt 0.00000000 0.00000000
vt 0.00000000 0.00000000
vt 0.00000000 0.00000000
vt 0.00000000 0.00000000
vt 0.00000000 0.00000000
vt 0.00000000 0.00000000
vt 0.00000000 0.00000000
vt 0.00000000 0.00000000
vt 0.00000000 0.00000000
vt 0.00000000 0.00000000
vt 0.00000000 0.00000000
vt 0.00000000 0.00000000
vt 0.00000000 0.00000000
vt 0.00000000 0.00000000
vt 0.00000000 0.00000000
vt 0.00000000 0.00000000
vt 0.00000000 0.00000000
vt 0.00000000 0.00000000
vt 0.00000000 0.00000000
vt 0.00000000 0.00000000
vt 0.00000000 0.00000000
vt 0.00000000 0.00000000
vt 0.00000000 0.00000000
vt 0.00000000 0.00000000
vt 0.00000000 0.00000000
vt 0.00000000 0.00000000
vt 0.00000000 0.00000000
vt 0.00000000 0.00000000
vt 0.00000000 0.00000000
vt 0.00000000 0.00000000
vt 0.00000000 0.00000000
vt 0.00000000 0.00000000
vt 0.00000000 0.00000000
vt 0.00000000 0.00000000
vt 0.00000000 0.00000000
vt 0.00000000 0.00000000
vt 0.00000000 0.00000000
vt 0.00000000 0.00000000
vt 0.00000000 0.00000000
vt 0.00000000 0.00000000
vt 0.00000000 0.00000000
vt 0.00000000 0.00000000
vt 0.00000000 0.00000000
vt 0.00000000 0.00000000
vt 0.00000000 0.00000000
vt 0.00000000 0.00000000
vt 0.00000000 0.00000000
vt 0.00000000 0.00000000
vt 0.00000000 0.00000000
vt 0.00000000 0.00000000
vt 0.00000000 0.00000000
vt 0.00000000 0.00000000
vt 0.00000000 0.00000000
vt 0.00000000 0.00000000
vt 0.00000000 0.00000000
vt 0.00000000 0.00000000
vt 0.00000000 0.00000000
vt 0.00000000 0.00000000
vt 0.00000000 0.00000000
vt 0.00000000 0.00000000
vt 0.00000000 0.00000000
vt 0.00000000 0.00000000
vt 0.00000000 0.00000000
vt 0.00000000 0.00000000
vt 0.00000000 0.00000000
vt 0.00000000 0.00000000
vt 0.00000000 0.00000000
vt 0.00000000 0.00000000
vt 0.00000000 0.00000000
vt 0.00000000 0.00000000
vt 0.00000000 0.00000000
vt 0.00000000 0.00000000
vt 0.00000000 0.00000000
vt 0.00000000 0.00000000
vt 0.00000000 0.00000000
vt 0.00000000 0.00000000
vt 0.00000000 0.00000000
vt 0.00000000 0.00000000
vt 0.00000000 0.00000000
vt 0.00000000 0.00000000
vt 0.00000000 0.00000000
vt 0.00000000 0.00000000
vt 0.00000000 0.00000000
vt 0.00000000 0.00000000
vt 0.00000000 0.00000000
vt 0.00000000 0.00000000
vt 0.00000000 0.00000000
vt 0.00000000 0.00000000
vt 0.00000000 0.00000000
vt 0.00000000 0.00000000
vt 0.00000000 0.00000000
vt 0.00000000 0.00000000
vt 0.00000000 0.00000000
vt 0.00000000 0.00000000
vt 0.00000000 0.00000000
vt 0.00000000 0.00000000
vt 0.00000000 0.00000000
vt 0.00000000 0.00000000
vt 0.00000000 0.00000000
vt 0.00000000 0.00000000
vt 0.00000000 0.00000000
vt 0.00000000 0.00000000
vt 0.00000000 0.00000000
vt 0.00000000 0.00000000
vt 0.00000000 0.00000000
vt 0.00000000 0.00000000
vt 0.00000000 0.00000000
vt 0.00000000 0.00000000
vt 0.00000000 0.00000000
vt 0.00000000 0.00000000
vt 0.00000000 0.00000000
vt 0.00000000 0.00000000
vt 0.00000000 0.00000000
vt 0.00000000 0.00000000
vt 0.00000000 0.00000000
vt 0.00000000 0.00000000
vt 0.00000000 0.00000000
vt 0.00000000 0.00000000
vt 0.00000000 0.00000000
vt 0.00000000 0.00000000
vt 0.00000000 0.00000000
vt 0.00000000 0.00000000
vt 0.00000000 0.00000000
vt 0.00000000 0.00000000
vt 0.00000000 0.00000000
vt 0.00000000 0.00000000
vt 0.00000000 0.00000000
vt 0.00000000 0.00000000
vt 0.00000000 0.00000000
vt 0.00000000 0.00000000
vt 0.00000000 0.00000000
vt 0.00000000 0.00000000
vt 0.00000000 0.00000000
vt 0.00000000 0.00000000
vt 0.00000000 0.00000000
vt 0.00000000 0.00000000
vt 0.00000000 0.00000000
vt 0.00000000 0.00000000
vt 0.00000000 0.00000000
vt 0.00000000 0.00000000
vt 0.00000000 0.00000000
vt 0.00000000 0.00000000
vt 0.00000000 0.00000000
vt 0.00000000 0.00000000
vt 0.00000000 0.00000000
vt 0.00000000 0.00000000
vt 0.00000000 0.00000000
vt 0.00000000 0.00000000
vt 0.00000000 0.00000000
vt 0.00000000 0.00000000
vt 0.00000000 0.00000000
vt 0.00000000 0.00000000
vt 0.00000000 0.00000000
vt 0.00000000 0.00000000
vt 0.00000000 0.00000000
vt 0.00000000 0.00000000
vt 0.00000000 0.00000000
vt 0.00000000 0.00000000
vt 0.00000000 0.00000000
vt 0.00000000 0.00000000
vt 0.00000000 0.00000000
vt 0.00000000 0.00000000
vt 0.00000000 0.00000000
vt 0.00000000 0.00000000
vt 0.00000000 0.00000000
vt 0.00000000 0.00000000
vt 0.00000000 0.00000000
vt 0.00000000 0.00000000
vt 0.00000000 0.00000000
vt 0.00000000 0.00000000
vt 0.00000000 0.00000000
vt 0.00000000 0.00000000
vt 0.00000000 0.00000000
vt 0.00000000 0.00000000
vt 0.00000000 0.00000000
vt 0.00000000 0.00000000
vt 0.00000000 0.00000000
vt 0.00000000 0.00000000
vt 0.00000000 0.00000000
vt 0.00000000 0.00000000
vt 0.00000000 0.00000000
vt 0.00000000 0.00000000
vt 0.00000000 0.00000000
vt 0.00000000 0.00000000
vt 0.00000000 0.00000000
vt 0.00000000 0.00000000
vt 0.00000000 0.00000000
vt 0.00000000 0.00000000
vt 0.00000000 0.00000000
vt 0.00000000 0.00000000
vt 0.00000000 0.00000000
vt 0.00000000 0.00000000
vt 0.00000000 0.00000000
vt 0.00000000 0.00000000
vt 0.00000000 0.00000000
vt 0.00000000 0.00000000
vt 0.00000000 0.00000000
vt 0.00000000 0.00000000
vt 0.00000000 0.00000000
vt 0.00000000 0.00000000
vt 0.00000000 0.00000000
vt 0.00000000 0.00000000
vt 0.00000000 0.00000000
vt 0.00000000 0.00000000
vt 0.00000000 0.00000000
vt 0.00000000 0.00000000
vt 0.00000000 0.00000000
vt 0.00000000 0.00000000
vt 0.00000000 0.00000000
vt 0.00000000 0.00000000
vt 0.00000000 0.00000000
vt 0.00000000 0.00000000
vt 0.00000000 0.00000000
vt 0.00000000 0.00000000
vt 0.00000000 0.00000000
vt 0.00000000 0.00000000
vt 0.00000000 0.00000000
vt 0.00000000 0.00000000
vt 0.00000000 0.00000000
vt 0.00000000 0.00000000
vt 0.00000000 0.00000000
vt 0.00000000 0.00000000
vt 0.00000000 0.00000000
vt 0.00000000 0.00000000
vt 0.00000000 0.00000000
vt 0.00000000 0.00000000
vt 0.00000000 0.00000000
vt 0.00000000 0.00000000
vt 0.00000000 0.00000000
vt 0.00000000 0.00000000
vt 0.00000000 0.00000000
vt 0.00000000 0.00000000
vt 0.00000000 0.00000000
vt 0.00000000 0.00000000
vt 0.00000000 0.00000000
vt 0.00000000 0.00000000
vt 0.00000000 0.00000000
vt 0.00000000 0.00000000
vt 0.00000000 0.00000000
vt 0.00000000 0.00000000
vt 0.00000000 0.00000000
vt 0.00000000 0.00000000
vt 0.00000000 0.00000000
vt 0.00000000 0.00000000
vt 0.00000000 0.00000000
vt 0.00000000 0.00000000
vt 0.00000000 0.00000000
vt 0.00000000 0.00000000
vt 0.00000000 0.00000000
vt 0.00000000 0.00000000
vt 0.00000000 0.00000000
vt 0.00000000 0.00000000
vt 0.00000000 0.00000000
vt 0.00000000 0.00000000
vt 0.00000000 0.00000000
vt 0.00000000 0.00000000
vt 0.00000000 0.00000000
vt 0.00000000 0.00000000
vt 0.00000000 0.00000000
vt 0.00000000 0.00000000
vt 0.00000000 0.00000000
vt 0.00000000 0.00000000
vt 0.00000000 0.00000000
vt 0.00000000 0.00000000
vt 0.00000000 0.00000000
vt 0.00000000 0.00000000
vt 0.00000000 0.00000000
vt 0.00000000 0.00000000
vt 0.00000000 0.00000000
vt 0.00000000 0.00000000
vt 0.00000000 0.00000000
vt 0.00000000 0.00000000
vt 0.00000000 0.00000000
vt 0.00000000 0.00000000
vt 0.00000000 0.00000000
vt 0.00000000 0.00000000
vt 0.00000000 0.00000000
vt 0.00000000 0.00000000
vt 0.00000000 0.00000000
vt 0.00000000 0.00000000
vt 0.00000000 0.00000000
vt 0.00000000 0.00000000
vt 0.00000000 0.00000000
vt 0.00000000 0.00000000
vt 0.00000000 0.00000000
vt 0.00000000 0.00000000
vt 0.00000000 0.00000000
vt 0.00000000 0.00000000
vt 0.00000000 0.00000000
vt 0.00000000 0.00000000
vt 0.00000000 0.00000000
vt 0.00000000 0.00000000
vt 0.00000000 0.00000000
vt 0.00000000 0.00000000
vt 0.00000000 0.00000000
vt 0.00000000 0.00000000
vt 0.00000000 0.00000000
vt 0.00000000 0.00000000
vt 0.00000000 0.00000000
vt 0.00000000 0.00000000
vt 0.00000000 0.00000000
vt 0.00000000 0.00000000
vt 0.00000000 0.00000000
vt 0.00000000 0.00000000
vt 0.00000000 0.00000000
vt 0.00000000 0.00000000
vt 0.00000000 0.00000000
vt 0.00000000 0.00000000
vt 0.00000000 0.00000000
vt 0.00000000 0.00000000
vt 0.00000000 0.00000000
vt 0.00000000 0.00000000
vt 0.00000000 0.00000000
vt 0.00000000 0.00000000
vt 0.00000000 0.00000000
vt 0.00000000 0.00000000
vt 0.00000000 0.00000000
vt 0.00000000 0.00000000
vt 0.00000000 0.00000000
vt 0.00000000 0.00000000
vt 0.00000000 0.00000000
vt 0.00000000 0.00000000
vt 0.00000000 0.00000000
vt 0.00000000 0.00000000
vt 0.00000000 0.00000000
vt 0.00000000 0.00000000
vt 0.00000000 0.00000000
vt 0.00000000 0.00000000
vt 0.00000000 0.00000000
vt 0.00000000 0.00000000
vt 0.00000000 0.00000000
vt 0.00000000 0.00000000
vt 0.00000000 0.00000000
vt 0.00000000 0.00000000
vt 0.00000000 0.00000000
vt 0.00000000 0.00000000
vt 0.00000000 0.00000000
vt 0.00000000 0.00000000
vt 0.00000000 0.00000000
vt 0.00000000 0.00000000
vt 0.00000000 0.00000000
vt 0.00000000 0.00000000
vt 0.00000000 0.00000000
vt 0.00000000 0.00000000
vt 0.00000000 0.00000000
vt 0.00000000 0.00000000
vt 0.00000000 0.00000000
vt 0.00000000 0.00000000
vt 0.00000000 0.00000000
vt 0.00000000 0.00000000
vt 0.00000000 0.00000000
vt 0.00000000 0.00000000
vt 0.00000000 0.00000000
vt 0.00000000 0.00000000
vt 0.00000000 0.00000000
vt 0.00000000 0.00000000
vt 0.00000000 0.00000000
vt 0.00000000 0.00000000
vt 0.00000000 0.00000000
vt 0.00000000 0.00000000
vt 0.00000000 0.00000000
vt 0.00000000 0.00000000
vt 0.00000000 0.00000000
vt 0.00000000 0.00000000
vt 0.00000000 0.00000000
vt 0.00000000 0.00000000
vt 0.00000000 0.00000000
vt 0.00000000 0.00000000
vt 0.00000000 0.00000000
vt 0.00000000 0.00000000
vt 0.00000000 0.00000000
vt 0.00000000 0.00000000
vt 0.00000000 0.00000000
vt 0.00000000 0.00000000
vt 0.00000000 0.00000000
vt 0.00000000 0.00000000
vt 0.00000000 0.00000000
vt 0.00000000 0.00000000
vt 0.00000000 0.00000000
vt 0.00000000 0.00000000
vt 0.00000000 0.00000000
vt 0.00000000 0.00000000
vt 0.00000000 0.00000000
vt 0.00000000 0.00000000
vt 0.00000000 0.00000000
vt 0.00000000 0.00000000
vt 0.00000000 0.00000000
vt 0.00000000 0.00000000
vt 0.00000000 0.00000000
vt 0.00000000 0.00000000
vt 0.00000000 0.00000000
vt 0.00000000 0.00000000
vt 0.00000000 0.00000000
vt 0.00000000 0.00000000
vt 0.00000000 0.00000000
vt 0.00000000 0.00000000
vt 0.00000000 0.00000000
vt 0.00000000 0.00000000
vt 0.00000000 0.00000000
vt 0.00000000 0.00000000
vt 0.00000000 0.00000000
vt 0.00000000 0.00000000
vt 0.00000000 0.00000000
vt 0.00000000 0.00000000
vt 0.00000000 0.00000000
vt 0.00000000 0.00000000
vt 0.00000000 0.00000000
vt 0.00000000 0.00000000
vt 0.00000000 0.00000000
vt 0.00000000 0.00000000
vt 0.00000000 0.00000000
vt 0.00000000 0.00000000
vt 0.00000000 0.00000000
vt 0.00000000 0.00000000
vt 0.00000000 0.00000000
vt 0.00000000 0.00000000
vt 0.00000000 0.00000000
vt 0.00000000 0.00000000
vt 0.00000000 0.00000000
vt 0.00000000 0.00000000
vt 0.00000000 0.00000000
vt 0.00000000 0.00000000
vt 0.00000000 0.00000000
vt 0.00000000 0.00000000
vt 0.00000000 0.00000000
vt 0.00000000 0.00000000
vt 0.00000000 0.00000000
vt 0.00000000 0.00000000
vt 0.00000000 0.00000000
vt 0.00000000 0.00000000
vt 0.00000000 0.00000000
vt 0.00000000 0.00000000
vt 0.00000000 0.00000000
vt 0.00000000 0.00000000
vt 0.00000000 0.00000000
vt 0.00000000 0.00000000
vt 0.00000000 0.00000000
vt 0.00000000 0.00000000
vt 0.00000000 0.00000000
vt 0.00000000 0.00000000
vt 0.00000000 0.00000000
vt 0.00000000 0.00000000
vt 0.00000000 0.00000000
vt 0.00000000 0.00000000
vt 0.00000000 0.00000000
vt 0.00000000 0.00000000
vt 0.00000000 0.00000000
vt 0.00000000 0.00000000
vt 0.00000000 0.00000000
vt 0.00000000 0.00000000
vt 0.00000000 0.00000000
vt 0.00000000 0.00000000
vt 0.00000000 0.00000000
vt 0.00000000 0.00000000
vt 0.00000000 0.00000000
vt 0.00000000 0.00000000
vt 0.00000000 0.00000000
vt 0.00000000 0.00000000
vt 0.00000000 0.00000000
vt 0.00000000 0.00000000
vt 0.00000000 0.00000000
vt 0.00000000 0.00000000
vt 0.00000000 0.00000000
vt 0.00000000 0.00000000
vt 0.00000000 0.00000000
vt 0.00000000 0.00000000
vt 0.00000000 0.00000000
vt 0.00000000 0.00000000
vt 0.00000000 0.00000000
vt 0.00000000 0.00000000
vt 0.00000000 0.00000000
vt 0.00000000 0.00000000
vt 0.00000000 0.00000000
vt 0.00000000 0.00000000
vt 0.00000000 0.00000000
vt 0.00000000 0.00000000
vt 0.00000000 0.00000000
vt 0.00000000 0.00000000
vt 0.00000000 0.00000000
vt 0.00000000 0.00000000
vt 0.00000000 0.00000000
vt 0.00000000 0.00000000
vt 0.00000000 0.00000000
vt 0.00000000 0.00000000
vt 0.00000000 0.00000000
vt 0.00000000 0.00000000
vt 0.00000000 0.00000000
vt 0.00000000 0.00000000
vt 0.00000000 0.00000000
vt 0.00000000 0.00000000
vt 0.00000000 0.00000000
vt 0.00000000 0.00000000
vt 0.00000000 0.00000000
vt 0.00000000 0.00000000
vt 0.00000000 0.00000000
vt 0.00000000 0.00000000
vt 0.00000000 0.00000000
vt 0.00000000 0.00000000
vt 0.00000000 0.00000000
vt 0.00000000 0.00000000
vt 0.00000000 0.00000000
vt 0.00000000 0.00000000
vt 0.00000000 0.00000000
vt 0.00000000 0.00000000
vt 0.00000000 0.00000000
vt 0.00000000 0.00000000
vt 0.00000000 0.00000000
vt 0.00000000 0.00000000
vt 0.00000000 0.00000000
vt 0.00000000 0.00000000
vt 0.00000000 0.00000000
vt 0.00000000 0.00000000
vt 0.00000000 0.00000000
vt 0.00000000 0.00000000
vt 0.00000000 0.00000000
vt 0.00000000 0.00000000
vt 0.00000000 0.00000000
vt 0.00000000 0.00000000
vt 0.00000000 0.00000000
vt 0.00000000 0.00000000
vt 0.00000000 0.00000000
vt 0.00000000 0.00000000
vt 0.00000000 0.00000000
vt 0.00000000 0.00000000
vt 0.00000000 0.00000000
vt 0.00000000 0.00000000
vt 0.00000000 0.00000000
vt 0.00000000 0.00000000
vt 0.00000000 0.00000000
vt 0.00000000 0.00000000
vt 0.00000000 0.00000000
vt 0.00000000 0.00000000
vt 0.00000000 0.00000000
vt 0.00000000 0.00000000
vt 0.00000000 0.00000000
vt 0.00000000 0.00000000
vt 0.00000000 0.00000000
vt 0.00000000 0.00000000
vt 0.00000000 0.00000000
vt 0.00000000 0.00000000
vt 0.00000000 0.00000000
vt 0.00000000 0.00000000
vt 0.00000000 0.00000000
vt 0.00000000 0.00000000
vt 0.00000000 0.00000000
vt 0.00000000 0.00000000
vt 0.00000000 0.00000000
vt 0.00000000 0.00000000
vt 0.00000000 0.00000000
vt 0.00000000 0.00000000
vt 0.00000000 0.00000000
vt 0.00000000 0.00000000
vt 0.00000000 0.00000000
vt 0.00000000 0.00000000
vt 0.00000000 0.00000000
vt 0.00000000 0.00000000
vt 0.00000000 0.00000000
vt 0.00000000 0.00000000
vt 0.00000000 0.00000000
vt 0.00000000 0.00000000
vt 0.00000000 0.00000000
vt 0.00000000 0.00000000
vt 0.00000000 0.00000000
vt 0.00000000 0.00000000
vt 0.00000000 0.00000000
vt 0.00000000 0.00000000
vt 0.00000000 0.00000000
vt 0.00000000 0.00000000
vt 0.00000000 0.00000000
vt 0.00000000 0.00000000
vt 0.00000000 0.00000000
vt 0.00000000 0.00000000
vt 0.00000000 0.00000000
vt 0.00000000 0.00000000
vt 0.00000000 0.00000000
vt 0.00000000 0.00000000
vt 0.00000000 0.00000000
vt 0.00000000 0.00000000
vt 0.00000000 0.00000000
vt 0.00000000 0.00000000
vt 0.00000000 0.00000000
vt 0.00000000 0.00000000
vt 0.00000000 0.00000000
vt 0.00000000 0.00000000
vt 0.00000000 0.00000000
vt 0.00000000 0.00000000
vt 0.00000000 0.00000000
vt 0.00000000 0.00000000
vt 0.00000000 0.00000000
vt 0.00000000 0.00000000
vt 0.00000000 0.00000000
vt 0.00000000 0.00000000
vt 0.00000000 0.00000000
vt 0.00000000 0.00000000
vt 0.00000000 0.00000000
vt 0.00000000 0.00000000
vt 0.00000000 0.00000000
vt 0.00000000 0.00000000
vt 0.00000000 0.00000000
vt 0.00000000 0.00000000
vt 0.00000000 0.00000000
vt 0.00000000 0.00000000
vt 0.00000000 0.00000000
vt 0.00000000 0.00000000
vt 0.00000000 0.00000000
vt 0.00000000 0.00000000
vt 0.00000000 0.00000000
vt 0.00000000 0.00000000
vt 0.00000000 0.00000000
vt 0.00000000 0.00000000
vt 0.00000000 0.00000000
vt 0.00000000 0.00000000
vt 0.00000000 0.00000000
vt 0.00000000 0.00000000
vt 0.00000000 0.00000000
vt 0.00000000 0.00000000
vt 0.00000000 0.00000000
vt 0.00000000 0.00000000
vt 0.00000000 0.00000000
vt 0.00000000 0.00000000
vt 0.00000000 0.00000000
vt 0.00000000 0.00000000
vt 0.00000000 0.00000000
vt 0.00000000 0.00000000
vt 0.00000000 0.00000000
vt 0.00000000 0.00000000
vt 0.00000000 0.00000000
vt 0.00000000 0.00000000
vt 0.00000000 0.00000000
vt 0.00000000 0.00000000
vt 0.00000000 0.00000000
vt 0.00000000 0.00000000
vt 0.00000000 0.00000000
vt 0.00000000 0.00000000
vt 0.00000000 0.00000000
vt 0.00000000 0.00000000
vt 0.00000000 0.00000000
vt 0.00000000 0.00000000
vt 0.00000000 0.00000000
vt 0.00000000 0.00000000
vt 0.00000000 0.00000000
vt 0.00000000 0.00000000
vt 0.00000000 0.00000000
vt 0.00000000 0.00000000
vt 0.00000000 0.00000000
vt 0.00000000 0.00000000
vt 0.00000000 0.00000000
vt 0.00000000 0.00000000
vt 0.00000000 0.00000000
vt 0.00000000 0.00000000
vt 0.00000000 0.00000000
vt 0.00000000 0.00000000
vt 0.00000000 0.00000000
vt 0.00000000 0.00000000
vt 0.00000000 0.00000000
vt 0.00000000 0.00000000
vt 0.00000000 0.00000000
vt 0.00000000 0.00000000
vt 0.00000000 0.00000000
vt 0.00000000 0.00000000
vt 0.00000000 0.00000000
vt 0.00000000 0.00000000
vt 0.00000000 0.00000000
vt 0.00000000 0.00000000
vt 0.00000000 0.00000000
vt 0.00000000 0.00000000
vt 0.00000000 0.00000000
vt 0.00000000 0.00000000
vt 0.00000000 0.00000000
vt 0.00000000 0.00000000
vt 0.00000000 0.00000000
vt 0.00000000 0.00000000
vt 0.00000000 0.00000000
vt 0.00000000 0.00000000
vt 0.00000000 0.00000000
vt 0.00000000 0.00000000
vt 0.00000000 0.00000000
vt 0.00000000 0.00000000
vt 0.00000000 0.00000000
vt 0.00000000 0.00000000
vt 0.00000000 0.00000000
vt 0.00000000 0.00000000
vt 0.00000000 0.00000000
vt 0.00000000 0.00000000
vt 0.00000000 0.00000000
vt 0.00000000 0.00000000
vt 0.00000000 0.00000000
vt 0.00000000 0.00000000
vt 0.00000000 0.00000000
vt 0.00000000 0.00000000
vt 0.00000000 0.00000000
vt 0.00000000 0.00000000
vt 0.00000000 0.00000000
vt 0.00000000 0.00000000
vt 0.00000000 0.00000000
vt 0.00000000 0.00000000
vt 0.00000000 0.00000000
vt 0.00000000 0.00000000
vt 0.00000000 0.00000000
vt 0.00000000 0.00000000
vt 0.00000000 0.00000000
vt 0.00000000 0.00000000
vt 0.00000000 0.00000000
vt 0.00000000 0.00000000
vt 0.00000000 0.00000000
vt 0.00000000 0.00000000
vt 0.00000000 0.00000000
vt 0.00000000 0.00000000
vt 0.00000000 0.00000000
vt 0.00000000 0.00000000
vt 0.00000000 0.00000000
vt 0.00000000 0.00000000
vt 0.00000000 0.00000000
vt 0.00000000 0.00000000
vt 0.00000000 0.00000000
vt 0.00000000 0.00000000
vt 0.00000000 0.00000000
vt 0.00000000 0.00000000
vt 0.00000000 0.00000000
vt 0.00000000 0.00000000
vt 0.00000000 0.00000000
vt 0.00000000 0.00000000
vt 0.00000000 0.00000000
vt 0.00000000 0.00000000
vt 0.00000000 0.00000000
vt 0.00000000 0.00000000
vt 0.00000000 0.00000000
vt 0.00000000 0.00000000
vt 0.00000000 0.00000000
vt 0.00000000 0.00000000
vt 0.00000000 0.00000000
vt 0.00000000 0.00000000
vt 0.00000000 0.00000000
vt 0.00000000 0.00000000
vt 0.00000000 0.00000000
vt 0.00000000 0.00000000
vt 0.00000000 0.00000000
vt 0.00000000 0.00000000
vt 0.00000000 0.00000000
vt 0.00000000 0.00000000
vt 0.00000000 0.00000000
vt 0.00000000 0.00000000
vt 0.00000000 0.00000000
vt 0.00000000 0.00000000
vt 0.00000000 0.00000000
vt 0.00000000 0.00000000
vt 0.00000000 0.00000000
vt 0.00000000 0.00000000
vt 0.00000000 0.00000000
vt 0.00000000 0.00000000
vt 0.00000000 0.00000000
vt 0.00000000 0.00000000
vt 0.00000000 0.00000000
vt 0.00000000 0.00000000
vt 0.00000000 0.00000000
vt 0.00000000 0.00000000
vt 0.00000000 0.00000000
vt 0.00000000 0.00000000
vt 0.00000000 0.00000000
vt 0.00000000 0.00000000
vt 0.00000000 0.00000000
vt 0.00000000 0.00000000
vt 0.00000000 0.00000000
vt 0.00000000 0.00000000
vt 0.00000000 0.00000000
vt 0.00000000 0.00000000
vt 0.00000000 0.00000000
vt 0.00000000 0.00000000
vt 0.00000000 0.00000000
vt 0.00000000 0.00000000
vt 0.00000000 0.00000000
vt 0.00000000 0.00000000
vt 0.00000000 0.00000000
vt 0.00000000 0.00000000
vt 0.00000000 0.00000000
vt 0.00000000 0.00000000
vt 0.00000000 0.00000000
vt 0.00000000 0.00000000
vt 0.00000000 0.00000000
vt 0.00000000 0.00000000
vt 0.00000000 0.00000000
vt 0.00000000 0.00000000
vt 0.00000000 0.00000000
vt 0.00000000 0.00000000
vt 0.00000000 0.00000000
vt 0.00000000 0.00000000
vt 0.00000000 0.00000000
vt 0.00000000 0.00000000
vt 0.00000000 0.00000000
vt 0.00000000 0.00000000
vt 0.00000000 0.00000000
vt 0.00000000 0.00000000
vt 0.00000000 0.00000000
vt 0.00000000 0.00000000
vt 0.00000000 0.00000000
vt 0.00000000 0.00000000
vt 0.00000000 0.00000000
vt 0.00000000 0.00000000
vt 0.00000000 0.00000000
vt 0.00000000 0.00000000
vt 0.00000000 0.00000000
vt 0.00000000 0.00000000
vt 0.00000000 0.00000000
vt 0.00000000 0.00000000
vt 0.00000000 0.00000000
vt 0.00000000 0.00000000
vt 0.00000000 0.00000000
vt 0.00000000 0.00000000
vt 0.00000000 0.00000000
vt 0.00000000 0.00000000
vt 0.00000000 0.00000000
vt 0.00000000 0.00000000
vt 0.00000000 0.00000000
vt 0.00000000 0.00000000
vt 0.00000000 0.00000000
vt 0.00000000 0.00000000
vt 0.00000000 0.00000000
vt 0.00000000 0.00000000
vt 0.00000000 0.00000000
vt 0.00000000 0.00000000
vt 0.00000000 0.00000000
vt 0.00000000 0.00000000
vt 0.00000000 0.00000000
vt 0.00000000 0.00000000
vt 0.00000000 0.00000000
vt 0.00000000 0.00000000
vt 0.00000000 0.00000000
vt 0.00000000 0.00000000
vt 0.00000000 0.00000000
vt 0.00000000 0.00000000
vt 0.00000000 0.00000000
vt 0.00000000 0.00000000
vt 0.00000000 0.00000000
vt 0.00000000 0.00000000
vt 0.00000000 0.00000000
vt 0.00000000 0.00000000
vt 0.00000000 0.00000000
vt 0.00000000 0.00000000
vt 0.00000000 0.00000000
vt 0.00000000 0.00000000
vt 0.00000000 0.00000000
vt 0.00000000 0.00000000
vt 0.00000000 0.00000000
vt 0.00000000 0.00000000
vt 0.00000000 0.00000000
vt 0.00000000 0.00000000
vt 0.00000000 0.00000000
vt 0.00000000 0.00000000
vt 0.00000000 0.00000000
vt 0.00000000 0.00000000
vt 0.00000000 0.00000000
vt 0.00000000 0.00000000
vt 0.00000000 0.00000000
vt 0.00000000 0.00000000
vt 0.00000000 0.00000000
vt 0.00000000 0.00000000
vt 0.00000000 0.00000000
vt 0.00000000 0.00000000
vt 0.00000000 0.00000000
vt 0.00000000 0.00000000
vt 0.00000000 0.00000000
vt 0.00000000 0.00000000
vt 0.00000000 0.00000000
vt 0.00000000 0.00000000
vt 0.00000000 0.00000000
vt 0.00000000 0.00000000
vt 0.00000000 0.00000000
vt 0.00000000 0.00000000
vt 0.00000000 0.00000000
vt 0.00000000 0.00000000
vt 0.00000000 0.00000000
vt 0.00000000 0.00000000
vt 0.00000000 0.00000000
vt 0.00000000 0.00000000
vt 0.00000000 0.00000000
vt 0.00000000 0.00000000
vt 0.00000000 0.00000000
vt 0.00000000 0.00000000
vt 0.00000000 0.00000000
vt 0.00000000 0.00000000
vt 0.00000000 0.00000000
vt 0.00000000 0.00000000
vt 0.00000000 0.00000000
vt 0.00000000 0.00000000
vt 0.00000000 0.00000000
vt 0.00000000 0.00000000
vt 0.00000000 0.00000000
vt 0.00000000 0.00000000
vt 0.00000000 0.00000000
vt 0.00000000 0.00000000
vt 0.00000000 0.00000000
vt 0.00000000 0.00000000
vt 0.00000000 0.00000000
vt 0.00000000 0.00000000
vt 0.00000000 0.00000000
vt 0.00000000 0.00000000
vt 0.00000000 0.00000000
vt 0.00000000 0.00000000
vt 0.00000000 0.00000000
vt 0.00000000 0.00000000
vt 0.00000000 0.00000000
vt 0.00000000 0.00000000
vt 0.00000000 0.00000000
vt 0.00000000 0.00000000
vt 0.00000000 0.00000000
vt 0.00000000 0.00000000
vt 0.00000000 0.00000000
vt 0.00000000 0.00000000
vt 0.00000000 0.00000000
vt 0.00000000 0.00000000
vt 0.00000000 0.00000000
vt 0.00000000 0.00000000
vt 0.00000000 0.00000000
vt 0.00000000 0.00000000
vt 0.00000000 0.00000000
vt 0.00000000 0.00000000
vt 0.00000000 0.00000000
vt 0.00000000 0.00000000
vt 0.00000000 0.00000000
vt 0.00000000 0.00000000
vt 0.00000000 0.00000000
vt 0.00000000 0.00000000
vt 0.00000000 0.00000000
vt 0.00000000 0.00000000
vt 0.00000000 0.00000000
vt 0.00000000 0.00000000
vt 0.00000000 0.00000000
vt 0.00000000 0.00000000
vt 0.00000000 0.00000000
vt 0.00000000 0.00000000
vt 0.00000000 0.00000000
vt 0.00000000 0.00000000
vt 0.00000000 0.00000000
vt 0.00000000 0.00000000
vt 0.00000000 0.00000000
vt 0.00000000 0.00000000
vt 0.00000000 0.00000000
vt 0.00000000 0.00000000
vt 0.00000000 0.00000000
vt 0.00000000 0.00000000
vt 0.00000000 0.00000000
vt 0.00000000 0.00000000
vt 0.00000000 0.00000000
vt 0.00000000 0.00000000
vt 0.00000000 0.00000000
vt 0.00000000 0.00000000
vt 0.00000000 0.00000000
vt 0.00000000 0.00000000
vt 0.00000000 0.00000000
vt 0.00000000 0.00000000
vt 0.00000000 0.00000000
vt 0.00000000 0.00000000
vt 0.00000000 0.00000000
vt 0.00000000 0.00000000
vt 0.00000000 0.00000000
vt 0.00000000 0.00000000
vt 0.00000000 0.00000000
vt 0.00000000 0.00000000
vt 0.00000000 0.00000000
vt 0.00000000 0.00000000
vt 0.00000000 0.00000000
vt 0.00000000 0.00000000
vt 0.00000000 0.00000000
vt 0.00000000 0.00000000
vt 0.00000000 0.00000000
vt 0.00000000 0.00000000
vt 0.00000000 0.00000000
vt 0.00000000 0.00000000
vt 0.00000000 0.00000000
vt 0.00000000 0.00000000
vt 0.00000000 0.00000000
vt 0.00000000 0.00000000
vt 0.00000000 0.00000000
vt 0.00000000 0.00000000
vt 0.00000000 0.00000000
vt 0.00000000 0.00000000
vt 0.00000000 0.00000000
vt 0.00000000 0.00000000
vt 0.00000000 0.00000000
vt 0.00000000 0.00000000
vt 0.00000000 0.00000000
vt 0.00000000 0.00000000
vt 0.00000000 0.00000000
vt 0.00000000 0.00000000
vt 0.00000000 0.00000000
vt 0.00000000 0.00000000
vt 0.00000000 0.00000000
vt 0.00000000 0.00000000
vt 0.00000000 0.00000000
vt 0.00000000 0.00000000
vt 0.00000000 0.00000000
vt 0.00000000 0.00000000
vt 0.00000000 0.00000000
vt 0.00000000 0.00000000
vt 0.00000000 0.00000000
vt 0.00000000 0.00000000
vt 0.00000000 0.00000000
vt 0.00000000 0.00000000
vt 0.00000000 0.00000000
vt 0.00000000 0.00000000
vt 0.00000000 0.00000000
vt 0.00000000 0.00000000
vt 0.00000000 0.00000000
vt 0.00000000 0.00000000
vt 0.00000000 0.00000000
vt 0.00000000 0.00000000
vt 0.00000000 0.00000000
vt 0.00000000 0.00000000
vt 0.00000000 0.00000000
vt 0.00000000 0.00000000
vt 0.00000000 0.00000000
vt 0.00000000 0.00000000
vt 0.00000000 0.00000000
vt 0.00000000 0.00000000
vt 0.00000000 0.00000000
vt 0.00000000 0.00000000
vt 0.00000000 0.00000000
vt 0.00000000 0.00000000
vt 0.00000000 0.00000000
vt 0.00000000 0.00000000
vt 0.00000000 0.00000000
vt 0.00000000 0.00000000
vt 0.00000000 0.00000000
vt 0.00000000 0.00000000
vt 0.00000000 0.00000000
vt 0.00000000 0.00000000
vt 0.00000000 0.00000000
vt 0.00000000 0.00000000
vt 0.00000000 0.00000000
vt 0.00000000 0.00000000
vt 0.00000000 0.00000000
vt 0.00000000 0.00000000
vt 0.00000000 0.00000000
vt 0.00000000 0.00000000
vt 0.00000000 0.00000000
vt 0.00000000 0.00000000
vt 0.00000000 0.00000000
vt 0.00000000 0.00000000
vt 0.00000000 0.00000000
vt 0.00000000 0.00000000
vt 0.00000000 0.00000000
vt 0.00000000 0.00000000
vt 0.00000000 0.00000000
vt 0.00000000 0.00000000
vt 0.00000000 0.00000000
vt 0.00000000 0.00000000
vt 0.00000000 0.00000000
vt 0.00000000 0.00000000
vt 0.00000000 0.00000000
vt 0.00000000 0.00000000
vt 0.00000000 0.00000000
vt 0.00000000 0.00000000
vt 0.00000000 0.00000000
vt 0.00000000 0.00000000
vt 0.00000000 0.00000000
vt 0.00000000 0.00000000
vt 0.00000000 0.00000000
vt 0.00000000 0.00000000
vt 0.00000000 0.00000000
vt 0.00000000 0.00000000
vt 0.00000000 0.00000000
vt 0.00000000 0.00000000
vt 0.00000000 0.00000000
vt 0.00000000 0.00000000
vt 0.00000000 0.00000000
vt 0.00000000 0.00000000
vt 0.00000000 0.00000000
vt 0.00000000 0.00000000
vt 0.00000000 0.00000000
vt 0.00000000 0.00000000
vt 0.00000000 0.00000000
vt 0.00000000 0.00000000
vt 0.00000000 0.00000000
vt 0.00000000 0.00000000
vt 0.00000000 0.00000000
vt 0.00000000 0.00000000
vt 0.00000000 0.00000000
vt 0.00000000 0.00000000
vt 0.00000000 0.00000000
vt 0.00000000 0.00000000
vt 0.00000000 0.00000000
vt 0.00000000 0.00000000
vt 0.00000000 0.00000000
vt 0.00000000 0.00000000
f 1/1 2/2 3/3
f 4/4 5/5 6/6
f 7/7 8/8 9/9
f 10/10 11/11 12/12
f 13/13 14/14 15/15
f 16/16 17/17 18/18
f 19/19 20/20 21/21
f 22/22 23/23 24/24
f 25/25 26/26 27/27
f 28/28 29/29 30/30
f 31/31 32/32 33/33
f 34/34 35/35 36/36
f 37/37 38/38 39/39
f 40/40 41/41 42/42
f 43/43 44/44 45/45
f 46/46 47/47 48/48
f 49/49 50/50 51/51
f 52/52 53/53 54/54
f 55/55 56/56 57/57
f 58/58 59/59 60/60
f 61/61 62/62 63/63
f 64/64 65/65 66/66
f 67/67 68/68 69/69
f 70/70 71/71 72/72
f 73/73 74/74 75/75
f 76/76 77/77 78/78
f 79/79 80/80 81/81
f 82/82 83/83 84/84
f 85/85 86/86 87/87
f 88/88 89/89 90/90
f 91/91 92/92 93/93
f 94/94 95/95 96/96
f 97/97 98/98 99/99
f 100/100 101/101 102/102
f 103/103 104/104 105/105
f 106/106 107/107 108/108
f 109/109 110/110 111/111
f 112/112 113/113 114/114
f 115/115 116/116 117/117
f 118/118 119/119 120/120
f 121/121 122/122 123/123
f 124/124 125/125 126/126
f 127/127 128/128 129/129
f 130/130 131/131 132/132
f 133/133 134/134 135/135
f 136/136 137/137 138/138
f 139/139 140/140 141/141
f 142/142 143/143 144/144
f 145/145 146/146 147/147
f 148/148 149/149 150/150
f 151/151 152/152 153/153
f 154/154 155/155 156/156
f 157/157 158/158 159/159
f 160/160 161/161 162/162
f 163/163 164/164 165/165
f 166/166 167/167 168/168
f 169/169 170/170 171/171
f 172/172 173/173 174/174
f 175/175 176/176 177/177
f 178/178 179/179 180/180
f 181/181 182/182 183/183
f 184/184 185/185 186/186
f 187/187 188/188 189/189
f 190/190 191/191 192/192
f 193/193 194/194 195/195
f 196/196 197/197 198/198
f 199/199 200/200 201/201
f 202/202 203/203 204/204
f 205/205 206/206 207/207
f 208/208 209/209 210/210
f 211/211 212/212 213/213
f 214/214 215/215 216/216
f 217/217 218/218 219/219
f 220/220 221/221 222/222
f 223/223 224/224 225/225
f 226/226 227/227 228/228
f 229/229 230/230 231/231
f 232/232 233/233 234/234
f 235/235 236/236 237/237
f 238/238 239/239 240/240
f 241/241 242/242 243/243
f 244/244 245/245 246/246
f 247/247 248/248 249/249
f 250/250 251/251 252/252
f 253/253 254/254 255/255
f 256/256 257/257 258/258
f 259/259 260/260 261/261
f 262/262 263/263 264/264
f 265/265 266/266 267/267
f 268/268 269/269 270/270
f 271/271 272/272 273/273
f 274/274 275/275 276/276
f 277/277 278/278 279/279
f 280/280 281/281 282/282
f 283/283 284/284 285/285
f 286/286 287/287 288/288
f 289/289 290/290 291/291
f 292/292 293/293 294/294
f 295/295 296/296 297/297
f 298/298 299/299 300/300
f 301/301 302/302 303/303
f 304/304 305/305 306/306
f 307/307 308/308 309/309
f 310/310 311/311 312/312
f 313/313 314/314 315/315
f 316/316 317/317 318/318
f 319/319 320/320 321/321
f 322/322 323/323 324/324
f 325/325 326/326 327/327
f 328/328 329/329 330/330
f 331/331 332/332 333/333
f 334/334 335/335 336/336
f 337/337 338/338 339/339
f 340/340 341/341 342/342
f 343/343 344/344 345/345
f 346/346 347/347 348/348
f 349/349 350/350 351/351
f 352/352 353/353 354/354
f 355/355 356/356 357/357
f 358/358 359/359 360/360
f 361/361 362/362 363/363
f 364/364 365/365 366/366
f 367/367 368/368 369/369
f 370/370 371/371 372/372
f 373/373 374/374 375/375
f 376/376 377/377 378/378
f 379/379 380/380 381/381
f 382/382 383/383 384/384
f 385/385 386/386 387/387
f 388/388 389/389 390/390
f 391/391 392/392 393/393
f 394/394 395/395 396/396
f 397/397 398/398 399/399
f 400/400 401/401 402/402
f 403/403 404/404 405/405
f 406/406 407/407 408/408
f 409/409 410/410 411/411
f 412/412 413/413 414/414
f 415/415 416/416 417/417
f 418/418 419/419 420/420
f 421/421 422/422 423/423
f 424/424 425/425 426/426
f 427/427 428/428 429/429
f 430/430 431/431 432/432
f 433/433 434/434 435/435
f 436/436 437/437 438/438
f 439/439 440/440 441/441
f 442/442 443/443 444/444
f 445/445 446/446 447/447
f 448/448 449/449 450/450
f 451/451 452/452 453/453
f 454/454 455/455 456/456
f 457/457 458/458 459/459
f 460/460 461/461 462/462
f 463/463 464/464 465/465
f 466/466 467/467 468/468
f 469/469 470/470 471/471
f 472/472 473/473 474/474
f 475/475 476/476 477/477
f 478/478 479/479 480/480
f 481/481 482/482 483/483
f 484/484 485/485 486/486
f 487/487 488/488 489/489
f 490/490 491/491 492/492
f 493/493 494/494 495/495
f 496/496 497/497 498/498
f 499/499 500/500 501/501
f 502/502 503/503 504/504
f 505/505 506/506 507/507
f 508/508 509/509 510/510
f 511/511 512/512 513/513
f 514/514 515/515 516/516
f 517/517 518/518 519/519
f 520/520 521/521 522/522
f 523/523 524/524 525/525
f 526/526 527/527 528/528
f 529/529 530/530 531/531
f 532/532 533/533 534/534
f 535/535 536/536 537/537
f 538/538 539/539 540/540
f 541/541 542/542 543/543
f 544/544 545/545 546/546
f 547/547 548/548 549/549
f 550/550 551/551 552/552
f 553/553 554/554 555/555
f 556/556 557/557 558/558
f 559/559 560/560 561/561
f 562/562 563/563 564/564
f 565/565 566/566 567/567
f 568/568 569/569 570/570
f 571/571 572/572 573/573
f 574/574 575/575 576/576
f 577/577 578/578 579/579
f 580/580 581/581 582/582
f 583/583 584/584 585/585
f 586/586 587/587 588/588
f 589/589 590/590 591/591
f 592/592 593/593 594/594
f 595/595 596/596 597/597
f 598/598 599/599 600/600
f 601/601 602/602 603/603
f 604/604 605/605 606/606
f 607/607 608/608 609/609
f 610/610 611/611 612/612
f 613/613 614/614 615/615
f 616/616 617/617 618/618
f 619/619 620/620 621/621
f 622/622 623/623 624/624
f 625/625 626/626 627/627
f 628/628 629/629 630/630
f 631/631 632/632 633/633
f 634/634 635/635 636/636
f 637/637 638/638 639/639
f 640/640 641/641 642/642
f 643/643 644/644 645/645
f 646/646 647/647 648/648
f 649/649 650/650 651/651
f 652/652 653/653 654/654
f 655/655 656/656 657/657
f 658/658 659/659 660/660
f 661/661 662/662 663/663
f 664/664 665/665 666/666
f 667/667 668/668 669/669
f 670/670 671/671 672/672
f 673/673 674/674 675/675
f 676/676 677/677 678/678
f 679/679 680/680 681/681
f 682/682 683/683 684/684
f 685/685 686/686 687/687
f 688/688 689/689 690/690
f 691/691 692/692 693/693
f 694/694 695/695 696/696
f 697/697 698/698 699/699
f 700/700 701/701 702/702
f 703/703 704/704 705/705
f 706/706 707/707 708/708
f 709/709 710/710 711/711
f 712/712 713/713 714/714
f 715/715 716/716 717/717
f 718/718 719/719 720/720
f 721/721 722/722 723/723
f 724/724 725/725 726/726
f 727/727 728/728 729/729
f 730/730 731/731 732/732
f 733/733 734/734 735/735
f 736/736 737/737 738/738
f 739/739 740/740 741/741
f 742/742 743/743 744/744
f 745/745 746/746 747/747
f 748/748 749/749 750/750
f 751/751 752/752 753/753
f 754/754 755/755 756/756
f 757/757 758/758 759/759
f 760/760 761/761 762/762
f 763/763 764/764 765/765
f 766/766 767/767 768/768
f 769/769 770/770 771/771
f 772/772 773/773 774/774
f 775/775 776/776 777/777
f 778/778 779/779 780/780
f 781/781 782/782 783/783
f 784/784 785/785 786/786
f 787/787 788/788 789/789
f 790/790 791/791 792/792
f 793/793 794/794 795/795
f 796/796 797/797 798/798
f 799/799 800/800 801/801
f 802/802 803/803 804/804
f 805/805 806/806 807/807
f 808/808 809/809 810/810
f 811/811 812/812 813/813
f 814/814 815/815 816/816
f 817/817 818/818 819/819
f 820/820 821/821 822/822
f 823/823 824/824 825/825
f 826/826 827/827 828/828
f 829/829 830/830 831/831
f 832/832 833/833 834/834
f 835/835 836/836 837/837
f 838/838 839/839 840/840
f 841/841 842/842 843/843
f 844/844 845/845 846/846
f 847/847 848/848 849/849
f 850/850 851/851 852/852
f 853/853 854/854 855/855
f 856/856 857/857 858/858
f 859/859 860/860 861/861
f 862/862 863/863 864/864
f 865/865 866/866 867/867
f 868/868 869/869 870/870
f 871/871 872/872 873/873
f 874/874 875/875 876/876
f 877/877 878/878 879/879
f 880/880 881/881 882/882
f 883/883 884/884 885/885
f 886/886 887/887 888/888
f 889/889 890/890 891/891
f 892/892 893/893 894/894
f 895/895 896/896 897/897
f 898/898 899/899 900/900
f 901/901 902/902 903/903
f 904/904 905/905 906/906
f 907/907 908/908 909/909
f 910/910 911/911 912/912
f 913/913 914/914 915/915
f 916/916 917/917 918/918
f 919/919 920/920 921/921
f 922/922 923/923 924/924
f 925/925 926/926 927/927
f 928/928 929/929 930/930
f 931/931 932/932 933/933
f 934/934 935/935 936/936
f 937/937 938/938 939/939
f 940/940 941/941 942/942
f 943/943 944/944 945/945
f 946/946 947/947 948/948
f 949/949 950/950 951/951
f 952/952 953/953 954/954
f 955/955 956/956 957/957
f 958/958 959/959 960/960
f 961/961 962/962 963/963
f 964/964 965/965 966/966
f 967/967 968/968 969/969
f 970/970 971/971 972/972
f 973/973 974/974 975/975
f 976/976 977/977 978/978
f 979/979 980/980 981/981
f 982/982 983/983 984/984
f 985/985 986/986 987/987
f 988/988 989/989 990/990
f 991/991 992/992 993/993
f 994/994 995/995 996/996
f 997/997 998/998 999/999
f 1000/1000 1001/1001 1002/1002
f 1003/1003 1004/1004 1005/1005
f 1006/1006 1007/1007 1008/1008
f 1009/1009 1010/1010 1011/1011
f 1012/1012 1013/1013 1014/1014
f 1015/1015 1016/1016 1017/1017
f 1018/1018 1019/1019 1020/1020
f 1021/1021 1022/1022 1023/1023
f 1024/1024 1025/1025 1026/1026
f 1027/1027 1028/1028 1029/1029
f 1030/1030 1031/1031 1032/1032
f 1033/1033 1034/1034 1035/1035
f 1036/1036 1037/1037 1038/1038
f 1039/1039 1040/1040 1041/1041
f 1042/1042 1043/1043 1044/1044
f 1045/1045 1046/1046 1047/1047
f 1048/1048 1049/1049 1050/1050
f 1051/1051 1052/1052 1053/1053
f 1054/1054 1055/1055 1056/1056
f 1057/1057 1058/1058 1059/1059
f 1060/1060 1061/1061 1062/1062
f 1063/1063 1064/1064 1065/1065
f 1066/1066 1067/1067 1068/1068
f 1069/1069 1070/1070 1071/1071
f 1072/1072 1073/1073 1074/1074
f 1075/1075 1076/1076 1077/1077
f 1078/1078 1079/1079 1080/1080
f 1081/1081 1082/1082 1083/1083
f 1084/1084 1085/1085 1086/1086
f 1087/1087 1088/1088 1089/1089
f 1090/1090 1091/1091 1092/1092
f 1093/1093 1094/1094 1095/1095
f 1096/1096 1097/1097 1098/1098
f 1099/1099 1100/1100 1101/1101
f 1102/1102 1103/1103 1104/1104
f 1105/1105 1106/1106 1107/1107
f 1108/1108 1109/1109 1110/1110
f 1111/1111 1112/1112 1113/1113
f 1114/1114 1115/1115 1116/1116
f 1117/1117 1118/1118 1119/1119
f 1120/1120 1121/1121 1122/1122
f 1123/1123 1124/1124 1125/1125
f 1126/1126 1127/1127 1128/1128
f 1129/1129 1130/1130 1131/1131
f 1132/1132 1133/1133 1134/1134
f 1135/1135 1136/1136 1137/1137
f 1138/1138 1139/1139 1140/1140
f 1141/1141 1142/1142 1143/1143
f 1144/1144 1145/1145 1146/1146
f 1147/1147 1148/1148 1149/1149
f 1150/1150 1151/1151 1152/1152
f 1153/1153 1154/1154 1155/1155
f 1156/1156 1157/1157 1158/1158
f 1159/1159 1160/1160 1161/1161
f 1162/1162 1163/1163 1164/1164
f 1165/1165 1166/1166 1167/1167
f 1168/1168 1169/1169 1170/1170
f 1171/1171 1172/1172 1173/1173
f 1174/1174 1175/1175 1176/1176
f 1177/1177 1178/1178 1179/1179
f 1180/1180 1181/1181 1182/1182
f 1183/1183 1184/1184 1185/1185
f 1186/1186 1187/1187 1188/1188
f 1189/1189 1190/1190 1191/1191
f 1192/1192 1193/1193 1194/1194
f 1195/1195 1196/1196 1197/1197
f 1198/1198 1199/1199 1200/1200
f 1201/1201 1202/1202 1203/1203
f 1204/1204 1205/1205 1206/1206
f 1207/1207 1208/1208 1209/1209
f 1210/1210 1211/1211 1212/1212
f 1213/1213 1214/1214 1215/1215
f 1216/1216 1217/1217 1218/1218
f 1219/1219 1220/1220 1221/1221
f 1222/1222 1223/1223 1224/1224
f 1225/1225 1226/1226 1227/1227
f 1228/1228 1229/1229 1230/1230
f 1231/1231 1232/1232 1233/1233
f 1234/1234 1235/1235 1236/1236
f 1237/1237 1238/1238 1239/1239
f 1240/1240 1241/1241 1242/1242
f 1243/1243 1244/1244 1245/1245
f 1246/1246 1247/1247 1248/1248
f 1249/1249 1250/1250 1251/1251
f 1252/1252 1253/1253 1254/1254
f 1255/1255 1256/1256 1257/1257
f 1258/1258 1259/1259 1260/1260
f 1261/1261 1262/1262 1263/1263
f 1264/1264 1265/1265 1266/1266
f 1267/1267 1268/1268 1269/1269
f 1270/1270 1271/1271 1272/1272
f 1273/1273 1274/1274 1275/1275
f 1276/1276 1277/1277 1278/1278
f 1279/1279 1280/1280 1281/1281
f 1282/1282 1283/1283 1284/1284
f 1285/1285 1286/1286 1287/1287
f 1288/1288 1289/1289 1290/1290
f 1291/1291 1292/1292 1293/1293
f 1294/1294 1295/1295 1296/1296
f 1297/1297 1298/1298 1299/1299
f 1300/1300 1301/1301 1302/1302
f 1303/1303 1304/1304 1305/1305
f 1306/1306 1307/1307 1308/1308
f 1309/1309 1310/1310 1311/1311
f 1312/1312 1313/1313 1314/1314
f 1315/1315 1316/1316 1317/1317
f 1318/1318 1319/1319 1320/1320
f 1321/1321 1322/1322 1323/1323
f 1324/1324 1325/1325 1326/1326
f 1327/1327 1328/1328 1329/1329
f 1330/1330 1331/1331 1332/1332
f 1333/1333 1334/1334 1335/1335
f 1336/1336 1337/1337 1338/1338
f 1339/1339 1340/1340 1341/1341
f 1342/1342 1343/1343 1344/1344
f 1345/1345 1346/1346 1347/1347
f 1348/1348 1349/1349 1350/1350
f 1351/1351 1352/1352 1353/1353
f 1354/1354 1355/1355 1356/1356
f 1357/1357 1358/1358 1359/1359
f 1360/1360 1361/1361 1362/1362
f 1363/1363 1364/1364 1365/1365
f 1366/1366 1367/1367 1368/1368
f 1369/1369 1370/1370 1371/1371
f 1372/1372 1373/1373 1374/1374
f 1375/1375 1376/1376 1377/1377
f 1378/1378 1379/1379 1380/1380
f 1381/1381 1382/1382 1383/1383
f 1384/1384 1385/1385 1386/1386
f 1387/1387 1388/1388 1389/1389
f 1390/1390 1391/1391 1392/1392
f 1393/1393 1394/1394 1395/1395
f 1396/1396 1397/1397 1398/1398
f 1399/1399 1400/1400 1401/1401
f 1402/1402 1403/1403 1404/1404
f 1405/1405 1406/1406 1407/1407
f 1408/1408 1409/1409 1410/1410
f 1411/1411 1412/1412 1413/1413
f 1414/1414 1415/1415 1416/1416
f 1417/1417 1418/1418 1419/1419
f 1420/1420 1421/1421 1422/1422
f 1423/1423 1424/1424 1425/1425
f 1426/1426 1427/1427 1428/1428
f 1429/1429 1430/1430 1431/1431
f 1432/1432 1433/1433 1434/1434
f 1435/1435 1436/1436 1437/1437
f 1438/1438 1439/1439 1440/1440
f 1441/1441 1442/1442 1443/1443
f 1444/1444 1445/1445 1446/1446
f 1447/1447 1448/1448 1449/1449
f 1450/1450 1451/1451 1452/1452
f 1453/1453 1454/1454 1455/1455
f 1456/1456 1457/1457 1458/1458
f 1459/1459 1460/1460 1461/1461
f 1462/1462 1463/1463 1464/1464
f 1465/1465 1466/1466 1467/1467
f 1468/1468 1469/1469 1470/1470
f 1471/1471 1472/1472 1473/1473
f 1474/1474 1475/1475 1476/1476
f 1477/1477 1478/1478 1479/1479
f 1480/1480 1481/1481 1482/1482
f 1483/1483 1484/1484 1485/1485
f 1486/1486 1487/1487 1488/1488
f 1489/1489 1490/1490 1491/1491
f 1492/1492 1493/1493 1494/1494
f 1495/1495 1496/1496 1497/1497
f 1498/1498 1499/1499 1500/1500
f 1501/1501 1502/1502 1503/1503
f 1504/1504 1505/1505 1506/1506
f 1507/1507 1508/1508 1509/1509
f 1510/1510 1511/1511 1512/1512
f 1513/1513 1514/1514 1515/1515
f 1516/1516 1517/1517 1518/1518
f 1519/1519 1520/1520 1521/1521
f 1522/1522 1523/1523 1524/1524
f 1525/1525 1526/1526 1527/1527
f 1528/1528 1529/1529 1530/1530
f 1531/1531 1532/1532 1533/1533
f 1534/1534 1535/1535 1536/1536
f 1537/1537 1538/1538 1539/1539
f 1540/1540 1541/1541 1542/1542
f 1543/1543 1544/1544 1545/1545
f 1546/1546 1547/1547 1548/1548
f 1549/1549 1550/1550 1551/1551
f 1552/1552 1553/1553 1554/1554
f 1555/1555 1556/1556 1557/1557
f 1558/1558 1559/1559 1560/1560
f 1561/1561 1562/1562 1563/1563
f 1564/1564 1565/1565 1566/1566
f 1567/1567 1568/1568 1569/1569
f 1570/1570 1571/1571 1572/1572
f 1573/1573 1574/1574 1575/1575
f 1576/1576 1577/1577 1578/1578
f 1579/1579 1580/1580 1581/1581
f 1582/1582 1583/1583 1584/1584
f 1585/1585 1586/1586 1587/1587
f 1588/1588 1589/1589 1590/1590
f 1591/1591 1592/1592 1593/1593
f 1594/1594 1595/1595 1596/1596
f 1597/1597 1598/1598 1599/1599
f 1600/1600 1601/1601 1602/1602
f 1603/1603 1604/1604 1605/1605
f 1606/1606 1607/1607 1608/1608
f 1609/1609 1610/1610 1611/1611
f 1612/1612 1613/1613 1614/1614
f 1615/1615 1616/1616 1617/1617
f 1618/1618 1619/1619 1620/1620
f 1621/1621 1622/1622 1623/1623
f 1624/1624 1625/1625 1626/1626
f 1627/1627 1628/1628 1629/1629
f 1630/1630 1631/1631 1632/1632
f 1633/1633 1634/1634 1635/1635
f 1636/1636 1637/1637 1638/1638
f 1639/1639 1640/1640 1641/1641
f 1642/1642 1643/1643 1644/1644
f 1645/1645 1646/1646 1647/1647
f 1648/1648 1649/1649 1650/1650
f 1651/1651 1652/1652 1653/1653
f 1654/1654 1655/1655 1656/1656
f 1657/1657 1658/1658 1659/1659
f 1660/1660 1661/1661 1662/1662
f 1663/1663 1664/1664 1665/1665
f 1666/1666 1667/1667 1668/1668
f 1669/1669 1670/1670 1671/1671
f 1672/1672 1673/1673 1674/1674
f 1675/1675 1676/1676 1677/1677
f 1678/1678 1679/1679 1680/1680
f 1681/1681 1682/1682 1683/1683
f 1684/1684 1685/1685 1686/1686
f 1687/1687 1688/1688 1689/1689
f 1690/1690 1691/1691 1692/1692
f 1693/1693 1694/1694 1695/1695
f 1696/1696 1697/1697 1698/1698
f 1699/1699 1700/1700 1701/1701
f 1702/1702 1703/1703 1704/1704
f 1705/1705 1706/1706 1707/1707
f 1708/1708 1709/1709 1710/1710
f 1711/1711 1712/1712 1713/1713
f 1714/1714 1715/1715 1716/1716
f 1717/1717 1718/1718 1719/1719
f 1720/1720 1721/1721 1722/1722
f 1723/1723 1724/1724 1725/1725
f 1726/1726 1727/1727 1728/1728
f 1729/1729 1730/1730 1731/1731
f 1732/1732 1733/1733 1734/1734
f 1735/1735 1736/1736 1737/1737
f 1738/1738 1739/1739 1740/1740
f 1741/1741 1742/1742 1743/1743
f 1744/1744 1745/1745 1746/1746
f 1747/1747 1748/1748 1749/1749
f 1750/1750 1751/1751 1752/1752
f 1753/1753 1754/1754 1755/1755
f 1756/1756 1757/1757 1758/1758
f 1759/1759 1760/1760 1761/1761
f 1762/1762 1763/1763 1764/1764
f 1765/1765 1766/1766 1767/1767
f 1768/1768 1769/1769 1770/1770
f 1771/1771 1772/1772 1773/1773
f 1774/1774 1775/1775 1776/1776
f 1777/1777 1778/1778 1779/1779
f 1780/1780 1781/1781 1782/1782
f 1783/1783 1784/1784 1785/1785
f 1786/1786 1787/1787 1788/1788
f 1789/1789 1790/1790 1791/1791
f 1792/1792 1793/1793 1794/1794
f 1795/1795 1796/1796 1797/1797
f 1798/1798 1799/1799 1800/1800
f 1801/1801 1802/1802 1803/1803
f 1804/1804 1805/1805 1806/1806
f 1807/1807 1808/1808 1809/1809
f 1810/1810 1811/1811 1812/1812
f 1813/1813 1814/1814 1815/1815
f 1816/1816 1817/1817 1818/1818
f 1819/1819 1820/1820 1821/1821
f 1822/1822 1823/1823 1824/1824
f 1825/1825 1826/1826 1827/1827
f 1828/1828 1829/1829 1830/1830
f 1831/1831 1832/1832 1833/1833
f 1834/1834 1835/1835 1836/1836
f 1837/1837 1838/1838 1839/1839
f 1840/1840 1841/1841 1842/1842
f 1843/1843 1844/1844 1845/1845
f 1846/1846 1847/1847 1848/1848
f 1849/1849 1850/1850 1851/1851
f 1852/1852 1853/1853 1854/1854
f 1855/1855 1856/1856 1857/1857
f 1858/1858 1859/1859 1860/1860
f 1861/1861 1862/1862 1863/1863
f 1864/1864 1865/1865 1866/1866
f 1867/1867 1868/1868 1869/1869
f 1870/1870 1871/1871 1872/1872
f 1873/1873 1874/1874 1875/1875
f 1876/1876 1877/1877 1878/1878
f 1879/1879 1880/1880 1881/1881
f 1882/1882 1883/1883 1884/1884
f 1885/1885 1886/1886 1887/1887
f 1888/1888 1889/1889 1890/1890
f 1891/1891 1892/1892 1893/1893
f 1894/1894 1895/1895 1896/1896
f 1897/1897 1898/1898 1899/1899
f 1900/1900 1901/1901 1902/1902
f 1903/1903 1904/1904 1905/1905
f 1906/1906 1907/1907 1908/1908
f 1909/1909 1910/1910 1911/1911
f 1912/1912 1913/1913 1914/1914
f 1915/1915 1916/1916 1917/1917
f 1918/1918 1919/1919 1920/1920
f 1921/1921 1922/1922 1923/1923
f 1924/1924 1925/1925 1926/1926
f 1927/1927 1928/1928 1929/1929
f 1930/1930 1931/1931 1932/1932
f 1933/1933 1934/1934 1935/1935
f 1936/1936 1937/1937 1938/1938
f 1939/1939 1940/1940 1941/1941
f 1942/1942 1943/1943 1944/1944
f 1945/1945 1946/1946 1947/1947
f 1948/1948 1949/1949 1950/1950
f 1951/1951 1952/1952 1953/1953
f 1954/1954 1955/1955 1956/1956
f 1957/1957 1958/1958 1959/1959
f 1960/1960 1961/1961 1962/1962
f 1963/1963 1964/1964 1965/1965
f 1966/1966 1967/1967 1968/1968
f 1969/1969 1970/1970 1971/1971
f 1972/1972 1973/1973 1974/1974
f 1975/1975 1976/1976 1977/1977
f 1978/1978 1979/1979 1980/1980
f 1981/1981 1982/1982 1983/1983
f 1984/1984 1985/1985 1986/1986
f 1987/1987 1988/1988 1989/1989
f 1990/1990 1991/1991 1992/1992
f 1993/1993 1994/1994 1995/1995
f 1996/1996 1997/1997 1998/1998
f 1999/1999 2000/2000 2001/2001
f 2002/2002 2003/2003 2004/2004
f 2005/2005 2006/2006 2007/2007
f 2008/2008 2009/2009 2010/2010
f 2011/2011 2012/2012 2013/2013
f 2014/2014 2015/2015 2016/2016
f 2017/2017 2018/2018 2019/2019
f 2020/2020 2021/2021 2022/2022
f 2023/2023 2024/2024 2025/2025
f 2026/2026 2027/2027 2028/2028
f 2029/2029 2030/2030 2031/2031
f 2032/2032 2033/2033 2034/2034
f 2035/2035 2036/2036 2037/2037
f 2038/2038 2039/2039 2040/2040
f 2041/2041 2042/2042 2043/2043
f 2044/2044 2045/2045 2046/2046
f 2047/2047 2048/2048 2049/2049
f 2050/2050 2051/2051 2052/2052
f 2053/2053 2054/2054 2055/2055
f 2056/2056 2057/2057 2058/2058
f 2059/2059 2060/2060 2061/2061
f 2062/2062 2063/2063 2064/2064
f 2065/2065 2066/2066 2067/2067
f 2068/2068 2069/2069 2070/2070
f 2071/2071 2072/2072 2073/2073
f 2074/2074 2075/2075 2076/2076
f 2077/2077 2078/2078 2079/2079
f 2080/2080 2081/2081 2082/2082
f 2083/2083 2084/2084 2085/2085
f 2086/2086 2087/2087 2088/2088
f 2089/2089 2090/2090 2091/2091
f 2092/2092 2093/2093 2094/2094
f 2095/2095 2096/2096 2097/2097
f 2098/2098 2099/2099 2100/2100
f 2101/2101 2102/2102 2103/2103
f 2104/2104 2105/2105 2106/2106
f 2107/2107 2108/2108 2109/2109
f 2110/2110 2111/2111 2112/2112
f 2113/2113 2114/2114 2115/2115
f 2116/2116 2117/2117 2118/2118
f 2119/2119 2120/2120 2121/2121
f 2122/2122 2123/2123 2124/2124
f 2125/2125 2126/2126 2127/2127
f 2128/2128 2129/2129 2130/2130
f 2131/2131 2132/2132 2133/2133
f 2134/2134 2135/2135 2136/2136
f 2137/2137 2138/2138 2139/2139
f 2140/2140 2141/2141 2142/2142
f 2143/2143 2144/2144 2145/2145
f 2146/2146 2147/2147 2148/2148
f 2149/2149 2150/2150 2151/2151
f 2152/2152 2153/2153 2154/2154
f 2155/2155 2156/2156 2157/2157
f 2158/2158 2159/2159 2160/2160
f 2161/2161 2162/2162 2163/2163
f 2164/2164 2165/2165 2166/2166
f 2167/2167 2168/2168 2169/2169
f 2170/2170 2171/2171 2172/2172
f 2173/2173 2174/2174 2175/2175
f 2176/2176 2177/2177 2178/2178
f 2179/2179 2180/2180 2181/2181
f 2182/2182 2183/2183 2184/2184
f 2185/2185 2186/2186 2187/2187
f 2188/2188 2189/2189 2190/2190
f 2191/2191 2192/2192 2193/2193
f 2194/2194 2195/2195 2196/2196
f 2197/2197 2198/2198 2199/2199
f 2200/2200 2201/2201 2202/2202
f 2203/2203 2204/2204 2205/2205
f 2206/2206 2207/2207 2208/2208
f 2209/2209 2210/2210 2211/2211
f 2212/2212 2213/2213 2214/2214
f 2215/2215 2216/2216 2217/2217
f 2218/2218 2219/2219 2220/2220
f 2221/2221 2222/2222 2223/2223
f 2224/2224 2225/2225 2226/2226
f 2227/2227 2228/2228 2229/2229
f 2230/2230 2231/2231 2232/2232
f 2233/2233 2234/2234 2235/2235
f 2236/2236 2237/2237 2238/2238
f 2239/2239 2240/2240 2241/2241
f 2242/2242 2243/2243 2244/2244
f 2245/2245 2246/2246 2247/2247
f 2248/2248 2249/2249 2250/2250
f 2251/2251 2252/2252 2253/2253
f 2254/2254 2255/2255 2256/2256
f 2257/2257 2258/2258 2259/2259
f 2260/2260 2261/2261 2262/2262
f 2263/2263 2264/2264 2265/2265
f 2266/2266 2267/2267 2268/2268
f 2269/2269 2270/2270 2271/2271
f 2272/2272 2273/2273 2274/2274
f 2275/2275 2276/2276 2277/2277
f 2278/2278 2279/2279 2280/2280
f 2281/2281 2282/2282 2283/2283
f 2284/2284 2285/2285 2286/2286
f 2287/2287 2288/2288 2289/2289
f 2290/2290 2291/2291 2292/2292
f 2293/2293 2294/2294 2295/2295
f 2296/2296 2297/2297 2298/2298
f 2299/2299 2300/2300 2301/2301
f 2302/2302 2303/2303 2304/2304
f 2305/2305 2306/2306 2307/2307
f 2308/2308 2309/2309 2310/2310
f 2311/2311 2312/2312 2313/2313
f 2314/2314 2315/2315 2316/2316
f 2317/2317 2318/2318 2319/2319
f 2320/2320 2321/2321 2322/2322
f 2323/2323 2324/2324 2325/2325
f 2326/2326 2327/2327 2328/2328
f 2329/2329 2330/2330 2331/2331
f 2332/2332 2333/2333 2334/2334
f 2335/2335 2336/2336 2337/2337
f 2338/2338 2339/2339 2340/2340
f 2341/2341 2342/2342 2343/2343
f 2344/2344 2345/2345 2346/2346
f 2347/2347 2348/2348 2349/2349
f 2350/2350 2351/2351 2352/2352
f 2353/2353 2354/2354 2355/2355
f 2356/2356 2357/2357 2358/2358
f 2359/2359 2360/2360 2361/2361
f 2362/2362 2363/2363 2364/2364
f 2365/2365 2366/2366 2367/2367
f 2368/2368 2369/2369 2370/2370
f 2371/2371 2372/2372 2373/2373
f 2374/2374 2375/2375 2376/2376
f 2377/2377 2378/2378 2379/2379
f 2380/2380 2381/2381 2382/2382
f 2383/2383 2384/2384 2385/2385
f 2386/2386 2387/2387 2388/2388
f 2389/2389 2390/2390 2391/2391
f 2392/2392 2393/2393 2394/2394
f 2395/2395 2396/2396 2397/2397
f 2398/2398 2399/2399 2400/2400
f 2401/2401 2402/2402 2403/2403
f 2404/2404 2405/2405 2406/2406
f 2407/2407 2408/2408 2409/2409
f 2410/2410 2411/2411 2412/2412
f 2413/2413 2414/2414 2415/2415
f 2416/2416 2417/2417 2418/2418
f 2419/2419 2420/2420 2421/2421
f 2422/2422 2423/2423 2424/2424
f 2425/2425 2426/2426 2427/2427
f 2428/2428 2429/2429 2430/2430
f 2431/2431 2432/2432 2433/2433
f 2434/2434 2435/2435 2436/2436
f 2437/2437 2438/2438 2439/2439
f 2440/2440 2441/2441 2442/2442
f 2443/2443 2444/2444 2445/2445
f 2446/2446 2447/2447 2448/2448
f 2449/2449 2450/2450 2451/2451
f 2452/2452 2453/2453 2454/2454
f 2455/2455 2456/2456 2457/2457
f 2458/2458 2459/2459 2460/2460
f 2461/2461 2462/2462 2463/2463
f 2464/2464 2465/2465 2466/2466
f 2467/2467 2468/2468 2469/2469
f 2470/2470 2471/2471 2472/2472
f 2473/2473 2474/2474 2475/2475
f 2476/2476 2477/2477 2478/2478
f 2479/2479 2480/2480 2481/2481
f 2482/2482 2483/2483 2484/2484
f 2485/2485 2486/2486 2487/2487
f 2488/2488 2489/2489 2490/2490
f 2491/2491 2492/2492 2493/2493
f 2494/2494 2495/2495 2496/2496
f 2497/2497 2498/2498 2499/2499
f 2500/2500 2501/2501 2502/2502
f 2503/2503 2504/2504 2505/2505
f 2506/2506 2507/2507 2508/2508
f 2509/2509 2510/2510 2511/2511
f 2512/2512 2513/2513 2514/2514
f 2515/2515 2516/2516 2517/2517
f 2518/2518 2519/2519 2520/2520
f 2521/2521 2522/2522 2523/2523
f 2524/2524 2525/2525 2526/2526
f 2527/2527 2528/2528 2529/2529
f 2530/2530 2531/2531 2532/2532
f 2533/2533 2534/2534 2535/2535
f 2536/2536 2537/2537 2538/2538
f 2539/2539 2540/2540 2541/2541
f 2542/2542 2543/2543 2544/2544
f 2545/2545 2546/2546 2547/2547
f 2548/2548 2549/2549 2550/2550
f 2551/2551 2552/2552 2553/2553
f 2554/2554 2555/2555 2556/2556
f 2557/2557 2558/2558 2559/2559
f 2560/2560 2561/2561 2562/2562
f 2563/2563 2564/2564 2565/2565
f 2566/2566 2567/2567 2568/2568
f 2569/2569 2570/2570 2571/2571
f 2572/2572 2573/2573 2574/2574
f 2575/2575 2576/2576 2577/2577
f 2578/2578 2579/2579 2580/2580
f 2581/2581 2582/2582 2583/2583
f 2584/2584 2585/2585 2586/2586
f 2587/2587 2588/2588 2589/2589
f 2590/2590 2591/2591 2592/2592
f 2593/2593 2594/2594 2595/2595
f 2596/2596 2597/2597 2598/2598
f 2599/2599 2600/2600 2601/2601
f 2602/2602 2603/2603 2604/2604
f 2605/2605 2606/2606 2607/2607
f 2608/2608 2609/2609 2610/2610
f 2611/2611 2612/2612 2613/2613
f 2614/2614 2615/2615 2616/2616
f 2617/2617 2618/2618 2619/2619
f 2620/2620 2621/2621 2622/2622
f 2623/2623 2624/2624 2625/2625
f 2626/2626 2627/2627 2628/2628
f 2629/2629 2630/2630 2631/2631
f 2632/2632 2633/2633 2634/2634
f 2635/2635 2636/2636 2637/2637
f 2638/2638 2639/2639 2640/2640
f 2641/2641 2642/2642 2643/2643
f 2644/2644 2645/2645 2646/2646
f 2647/2647 2648/2648 2649/2649
f 2650/2650 2651/2651 2652/2652
f 2653/2653 2654/2654 2655/2655
f 2656/2656 2657/2657 2658/2658
f 2659/2659 2660/2660 2661/2661
f 2662/2662 2663/2663 2664/2664
f 2665/2665 2666/2666 2667/2667
f 2668/2668 2669/2669 2670/2670
f 2671/2671 2672/2672 2673/2673
f 2674/2674 2675/2675 2676/2676
f 2677/2677 2678/2678 2679/2679
f 2680/2680 2681/2681 2682/2682
f 2683/2683 2684/2684 2685/2685
f 2686/2686 2687/2687 2688/2688
f 2689/2689 2690/2690 2691/2691
f 2692/2692 2693/2693 2694/2694
f 2695/2695 2696/2696 2697/2697
f 2698/2698 2699/2699 2700/2700
f 2701/2701 2702/2702 2703/2703
f 2704/2704 2705/2705 2706/2706
f 2707/2707 2708/2708 2709/2709
f 2710/2710 2711/2711 2712/2712
f 2713/2713 2714/2714 2715/2715
f 2716/2716 2717/2717 2718/2718
f 2719/2719 2720/2720 2721/2721
f 2722/2722 2723/2723 2724/2724
f 2725/2725 2726/2726 2727/2727
f 2728/2728 2729/2729 2730/2730
f 2731/2731 2732/2732 2733/2733
f 2734/2734 2735/2735 2736/2736
f 2737/2737 2738/2738 2739/2739
f 2740/2740 2741/2741 2742/2742
f 2743/2743 2744/2744 2745/2745
f 2746/2746 2747/2747 2748/2748
f 2749/2749 2750/2750 2751/2751
f 2752/2752 2753/2753 2754/2754
f 2755/2755 2756/2756 2757/2757
f 2758/2758 2759/2759 2760/2760
f 2761/2761 2762/2762 2763/2763
f 2764/2764 2765/2765 2766/2766
f 2767/2767 2768/2768 2769/2769
f 2770/2770 2771/2771 2772/2772
f 2773/2773 2774/2774 2775/2775
f 2776/2776 2777/2777 2778/2778
f 2779/2779 2780/2780 2781/2781
f 2782/2782 2783/2783 2784/2784
f 2785/2785 2786/2786 2787/2787
f 2788/2788 2789/2789 2790/2790
f 2791/2791 2792/2792 2793/2793
f 2794/2794 2795/2795 2796/2796
f 2797/2797 2798/2798 2799/2799
f 2800/2800 2801/2801 2802/2802
f 2803/2803 2804/2804 2805/2805
f 2806/2806 2807/2807 2808/2808
f 2809/2809 2810/2810 2811/2811
f 2812/2812 2813/2813 2814/2814
f 2815/2815 2816/2816 2817/2817
f 2818/2818 2819/2819 2820/2820
f 2821/2821 2822/2822 2823/2823
f 2824/2824 2825/2825 2826/2826
f 2827/2827 2828/2828 2829/2829
f 2830/2830 2831/2831 2832/2832
f 2833/2833 2834/2834 2835/2835
f 2836/2836 2837/2837 2838/2838
f 2839/2839 2840/2840 2841/2841
f 2842/2842 2843/2843 2844/2844
f 2845/2845 2846/2846 2847/2847
f 2848/2848 2849/2849 2850/2850
f 2851/2851 2852/2852 2853/2853
f 2854/2854 2855/2855 2856/2856
f 2857/2857 2858/2858 2859/2859
f 2860/2860 2861/2861 2862/2862
f 2863/2863 2864/2864 2865/2865
f 2866/2866 2867/2867 2868/2868
f 2869/2869 2870/2870 2871/2871
f 2872/2872 2873/2873 2874/2874
f 2875/2875 2876/2876 2877/2877
f 2878/2878 2879/2879 2880/2880
f 2881/2881 2882/2882 2883/2883
f 2884/2884 2885/2885 2886/2886
f 2887/2887 2888/2888 2889/2889
f 2890/2890 2891/2891 2892/2892
f 2893/2893 2894/2894 2895/2895
f 2896/2896 2897/2897 2898/2898
f 2899/2899 2900/2900 2901/2901
f 2902/2902 2903/2903 2904/2904
f 2905/2905 2906/2906 2907/2907
f 2908/2908 2909/2909 2910/2910
f 2911/2911 2912/2912 2913/2913
f 2914/2914 2915/2915 2916/2916
f 2917/2917 2918/2918 2919/2919
f 2920/2920 2921/2921 2922/2922
f 2923/2923 2924/2924 2925/2925
f 2926/2926 2927/2927 2928/2928
f 2929/2929 2930/2930 2931/2931
f 2932/2932 2933/2933 2934/2934
f 2935/2935 2936/2936 2937/2937
f 2938/2938 2939/2939 2940/2940
f 2941/2941 2942/2942 2943/2943
f 2944/2944 2945/2945 2946/2946
f 2947/2947 2948/2948 2949/2949
f 2950/2950 2951/2951 2952/2952
f 2953/2953 2954/2954 2955/2955
f 2956/2956 2957/2957 2958/2958
f 2959/2959 2960/2960 2961/2961
f 2962/2962 2963/2963 2964/2964
f 2965/2965 2966/2966 2967/2967
f 2968/2968 2969/2969 2970/2970
f 2971/2971 2972/2972 2973/2973
f 2974/2974 2975/2975 2976/2976
f 2977/2977 2978/2978 2979/2979
f 2980/2980 2981/2981 2982/2982
f 2983/2983 2984/2984 2985/2985
f 2986/2986 2987/2987 2988/2988
f 2989/2989 2990/2990 2991/2991
f 2992/2992 2993/2993 2994/2994
f 2995/2995 2996/2996 2997/2997
f 2998/2998 2999/2999 3000/3000
f 3001/3001 3002/3002 3003/3003
f 3004/3004 3005/3005 3006/3006
f 3007/3007 3008/3008 3009/3009
f 3010/3010 3011/3011 3012/3012
f 3013/3013 3014/3014 3015/3015
f 3016/3016 3017/3017 3018/3018
f 3019/3019 3020/3020 3021/3021
f 3022/3022 3023/3023 3024/3024
f 3025/3025 3026/3026 3027/3027
f 3028/3028 3029/3029 3030/3030
f 3031/3031 3032/3032 3033/3033
f 3034/3034 3035/3035 3036/3036
f 3037/3037 3038/3038 3039/3039
f 3040/3040 3041/3041 3042/3042
f 3043/3043 3044/3044 3045/3045
f 3046/3046 3047/3047 3048/3048
f 3049/3049 3050/3050 3051/3051
f 3052/3052 3053/3053 3054/3054
f 3055/3055 3056/3056 3057/3057
f 3058/3058 3059/3059 3060/3060

